<?xml version="1.0" encoding="utf-8"?>
<feed xmlns="http://www.w3.org/2005/Atom">
	<title>Centre des nouvelles du Canada - Manitoba</title>
	<subtitle>Centre des nouvelles du Canada</subtitle>
	<updated>2018-10-21T05:17:53-04:00</updated>
	<link href="https://www.canada.ca/fr/nouvelles/fils-nouvelles/manitoba" rel="self" />
	<id>https://www.canada.ca/fr/nouvelles.html</id>
	<logo>https://www.canada.ca/etc/designs/canada/wet-boew/assets/wmms-blk.svg</logo>
	<entry>
		<title>Pavillon no&#xa0;2 de l’Exposition du Dominion, Brandon (Manitoba)</title>
		<id>https://www.canada.ca/fr/parcs-canada/nouvelles/2018/10/pavillon-no2-de-lexposition-du-dominion-brandon-manitoba.html</id>
		<summary type="html">Pavillon no 2 de l’Exposition du Dominion, Brandon (Manitoba)</summary>
		<author>
			<name>Parcs Canada</name>
		</author>
		<updated>2018-10-18T10:15:00-04:00</updated>
		<link href="https://www.canada.ca/fr/parcs-canada/nouvelles/2018/10/pavillon-no2-de-lexposition-du-dominion-brandon-manitoba.html" />
	</entry>
	<entry>
		<title>Le gouvernement du Canada reconnaît l’importance historique nationale du Pavillon no 2 de l’Exposition du Dominion</title>
		<id>https://www.canada.ca/fr/parcs-canada/nouvelles/2018/10/le-gouvernement-du-canada-reconnait-limportance-historique-nationale-du-pavillon-no-2-de-lexposition-du-dominion.html</id>
		<summary type="html">Le gouvernement du Canada reconnaît l’importance historique nationale du Pavillon no 2 de l’Exposition du Dominion</summary>
		<author>
			<name>Parcs Canada</name>
		</author>
		<updated>2018-10-18T10:15:00-04:00</updated>
		<link href="https://www.canada.ca/fr/parcs-canada/nouvelles/2018/10/le-gouvernement-du-canada-reconnait-limportance-historique-nationale-du-pavillon-no-2-de-lexposition-du-dominion.html" />
	</entry>
	<entry>
		<title>Le gouvernement du Canada reconnaît l’importance historique nationale du Pavillon nº2 de l'Exposition du Dominion</title>
		<id>https://www.canada.ca/fr/parcs-canada/nouvelles/2018/10/le-gouvernement-du-canada-reconnait-limportance-historique-nationale-du-pavillon-n2-de-lexposition-du-dominion.html</id>
		<summary type="html">Le gouvernement du Canada reconnaît l’importance historique nationale du Pavillon nº2 de l'Exposition du Dominion</summary>
		<author>
			<name>Parcs Canada</name>
		</author>
		<updated>2018-10-16T08:30:00-04:00</updated>
		<link href="https://www.canada.ca/fr/parcs-canada/nouvelles/2018/10/le-gouvernement-du-canada-reconnait-limportance-historique-nationale-du-pavillon-n2-de-lexposition-du-dominion.html" />
	</entry>
	<entry>
		<title>L’ASFC ouvre un poste frontalier élargi à Emerson</title>
		<id>https://www.canada.ca/fr/agence-services-frontaliers/nouvelles/2018/10/lasfc-ouvre-un-poste-frontalier-elargi-a-emerson.html</id>
		<summary type="html">Aujourd’hui, l’honorable Jim Carr, ministre de la Diversification du commerce international et député fédéral de Winnipeg Centre Sud, au nom de l’honorable Ralph Goodale, ministre de la Sécurité publique et de la Protection civile, a souligné officiellement l’achèvement du projet d’élargissement au point d’entrée d’Emerson de l’Agence des services frontaliers du Canada (ASFC).</summary>
		<author>
			<name>Agence des services frontaliers du Canada</name>
		</author>
		<updated>2018-10-12T11:30:00-04:00</updated>
		<link href="https://www.canada.ca/fr/agence-services-frontaliers/nouvelles/2018/10/lasfc-ouvre-un-poste-frontalier-elargi-a-emerson.html" />
	</entry>
</feed>
