<?xml version="1.0" encoding="utf-8"?>
<feed xmlns="http://www.w3.org/2005/Atom">
	<title>Canada News Centre - Manitoba</title>
	<subtitle>Canada News Centre</subtitle>
	<updated>2018-10-25T08:50:38-04:00</updated>
	<link href="https://www.canada.ca/en/news/web-feeds/manitoba" rel="self" />
	<id>https://www.canada.ca/en/news.html</id>
	<logo>https://www.canada.ca/etc/designs/canada/wet-boew/assets/wmms-blk.svg</logo>
	<entry>
		<title>Government of Canada recognizes Eagle Urban Transition Centre in supporting First Nations children off-reserve through Jordan's Principle</title>
		<id>https://www.canada.ca/en/indigenous-services-canada/news/2018/10/government-of-canada-recognizes-eagle-urban-transition-centre-in-supporting-first-nations-children-off-reserve-through-jordans-principle.html</id>
		<summary type="html">Working in partnership with First Nations, Indigenous Services Canada is committed to providing children with the supports and services they need, when they need them.</summary>
		<author>
			<name>Indigenous Services Canada</name>
		</author>
		<updated>2018-10-19T12:06:29-04:00</updated>
		<link href="https://www.canada.ca/en/indigenous-services-canada/news/2018/10/government-of-canada-recognizes-eagle-urban-transition-centre-in-supporting-first-nations-children-off-reserve-through-jordans-principle.html" />
	</entry>
	<entry>
		<title>Robert Falcon-Ouellette, Member of Parliament for Winnipeg Centre, to highlight success of Eagle Urban Transition Centre in supporting First Nations children in Winnipeg</title>
		<id>https://www.canada.ca/en/indigenous-services-canada/news/2018/10/robert-falcon-ouellette-member-of-parliament-for-winnipeg-centre-to-highlight-success-of-eagle-urban-transition-centre-in-supporting-first-nations-.html</id>
		<summary type="html">Please be advised that MP Robert Falcon-Ouellette, on behalf of the Honourable Jane Philpott, Minister of Indigenous Services, will join Grand Chief Arlen Dumas of the Assembly of Manitoba Chiefs to highlight the success of the Eagle Urban Transition Centre in supporting First Nations children living off reserve in Winnipeg.</summary>
		<author>
			<name>Indigenous Services Canada</name>
		</author>
		<updated>2018-10-18T12:20:46-04:00</updated>
		<link href="https://www.canada.ca/en/indigenous-services-canada/news/2018/10/robert-falcon-ouellette-member-of-parliament-for-winnipeg-centre-to-highlight-success-of-eagle-urban-transition-centre-in-supporting-first-nations-.html" />
	</entry>
	<entry>
		<title>Government of Canada recognizes the National Historic Significance of the Dominion Exhibition Display Building No. 2</title>
		<id>https://www.canada.ca/en/parks-canada/news/2018/10/government-of-canada-recognizes-the-national-historic-significance-of-the-dominion-exhibition-display-building-no-2.html</id>
		<summary type="html">Government of Canada recognizes the National Historic Significance of the Dominion Exhibition Display Building No. 2</summary>
		<author>
			<name>Parks Canada</name>
		</author>
		<updated>2018-10-18T10:15:00-04:00</updated>
		<link href="https://www.canada.ca/en/parks-canada/news/2018/10/government-of-canada-recognizes-the-national-historic-significance-of-the-dominion-exhibition-display-building-no-2.html" />
	</entry>
	<entry>
		<title>Dominion Exhibition Display Building No. 2, Brandon, Manitoba</title>
		<id>https://www.canada.ca/en/parks-canada/news/2018/10/dominion-exhibition-display-building-no-2-brandon-manitoba.html</id>
		<summary type="html">Dominion Exhibition Display Building No. 2, Brandon, Manitoba</summary>
		<author>
			<name>Parks Canada</name>
		</author>
		<updated>2018-10-18T10:15:00-04:00</updated>
		<link href="https://www.canada.ca/en/parks-canada/news/2018/10/dominion-exhibition-display-building-no-2-brandon-manitoba.html" />
	</entry>
</feed>
