<?xml version="1.0" encoding="UTF-8"?>
<tt xml:lang="fr" xmlns="http://www.w3.org/2006/10/ttaf1" xmlns:tts="http://www.w3.org/2006/10/ttaf1#style">
	<head>
		<styling>
			<style id="defaultSpeaker" tts:fontSize="12" tts:fontFamily="Arial" tts:fontWeight="normal" tts:fontStyle="normal" tts:textDecoration="none" tts:color="white" tts:backgroundColor="black" tts:textAlign="center"/>
			<style id="defaultCaption" tts:fontSize="12" tts:fontFamily="Arial" tts:fontWeight="normal" tts:fontStyle="normal" tts:textDecoration="none" tts:color="white" tts:backgroundColor="black" tts:textAlign="center"/>
		</styling>
	</head>
	<body style="defaultCaption" id="thebody" xml:id="b1">
		<div begin="2.20s" dur="3.10s">Bonjour, je m'appelle Amélie et je travaille</div>
		<div begin="5.30s" dur="1.63s">à Service Canada.</div>

		<div begin="6.93s" dur="2.27s">Vous savez sans doute que tous les jours,</div>
		<div begin="9.20s" dur="2.63s">de nombreux Canadiens perfectionnent leurs</div>
		<div begin="11.83s" dur="2.10s">compétences ou changent d'emploi.</div>

		<div begin="13.93s" dur="1.73s">Vous pensez faire comme eux?</div>

		<div begin="15.66s" dur="2.90s">Sachez que vous pouvez avoir accès à plus de 300 profils</div>
		<div begin="18.56s" dur="4.07s">d'emploi en ligne et en apprendre plus</div>

		<div begin="22.63s" dur="3.20s">sur les compétences requises pour obtenir l'emploi</div>
		<div begin="25.83s" dur="2.07s">qui vous intéresse.</div>

		<div begin="27.90s" dur="2.50s">La section Formation et carrière du site Guichet</div>
		<div begin="30.40s" dur="3.70s">emplois vous permet de voir les choix qui s'offrent</div>
		<div begin="34.10s" dur="3.30s">aux adultes en matière d'apprentissage et d'en</div>
		<div begin="37.40s" dur="3.33s">savoir plus sur les moyens à votre disposition pour vous</div>
		<div begin="40.73s" dur="3.57s">aider à payer la formation dont vous avez besoin.</div>

		<div begin="44.30s" dur="3.03s">Vous y trouverez aussi une liste de conseillers,</div>
		<div begin="47.33s" dur="3.13s">d'enseignants et d'autres ressources dans votre</div>
		<div begin="50.46s" dur="2.90s">localité, auprès de qui vous pourrez obtenir plus</div>
		<div begin="53.36s" dur="3.04s">de renseignements avant de prendre une décision.</div>

		<div begin="56.40s" dur="1.53s">Et ce n'est pas tout!</div>

		<div begin="57.93s" dur="2.90s">Vous y obtiendrez divers renseignements,</div>
		<div begin="60.83s" dur="2.87s">comme les types d'emploi offerts, par région,</div>
		<div begin="63.70s" dur="3.26s">partout au pays, et vous pourrez en apprendre plus</div>
		<div begin="66.96s" dur="2.70s">sur les compétences requises pour obtenir</div>
		<div begin="69.66s" dur="1.74s">l'un de ces emplois.</div>

		<div begin="71.40s" dur="3.20s">Si vous décidez de suivre une formation à plein temps,</div>
		<div begin="74.60s" dur="2.66s">vous pourriez avoir droit des prêts,</div>
		<div begin="77.26s" dur="3.60s">à des bourses et à des subventions pour vous aider</div>
		<div begin="80.86s" dur="2.00s">à en payer les coûts.</div>

		<div begin="82.86s" dur="2.90s">Par exemple, les personnes qui ont terminé la première</div>
		<div begin="85.76s" dur="2.80s">ou la deuxième année d'un programme d'apprentissage</div>
		<div begin="88.56s" dur="2.80s">peuvent avoir droit à la Subvention</div>
		<div begin="91.36s" dur="2.27s">incitative aux apprentis.</div>

		<div begin="93.63s" dur="2.10s">Et celles qui ont terminé leur programme</div>
		<div begin="95.73s" dur="3.50s">peuvent avoir droit à la Subvention à l'achèvement</div>
		<div begin="99.23s" dur="2.00s">de la formation d'apprenti.</div>

		<div begin="101.23s" dur="3.43s">Si vous êtes atteint d'une incapacité permanente,</div>
		<div begin="104.66s" dur="2.70s">vous pourriez avoir droit des bourses d'études</div>
		<div begin="107.36s" dur="2.84s">ou à une subvention dans le cadre du Programme canadien</div>
		<div begin="110.20s" dur="2.63s">de prêts aux étudiants.</div>

		<div begin="112.83s" dur="2.67s">Et grâce au Régime d'encouragement à l'éducation</div>
		<div begin="115.50s" dur="3.40s">permanente, vous pourriez utiliser les fonds de vos</div>
		<div begin="118.90s" dur="3.53s">REER pour payer vos études ou votre formation.</div>

		<div begin="122.43s" dur="2.57s">Peu importe votre choix de carrière,</div>
		<div begin="125.00s" dur="2.63s">prenez le temps de bien examiner toutes</div>
		<div begin="127.63s" dur="2.40s">les possibilités qui s'offrent à vous.</div>

		<div begin="130.03s" dur="1.70s">Vous ne le regretterez pas,</div>
		<div begin="131.73s" dur="2.40s">puisque votre choix sera bien réfléchi.</div>

		<div begin="134.13s" dur="3.60s">N'oubliez pas de consulter le site Web de Service Canada.</div>

		<div begin="137.73s" dur="2.97s">Vous y trouverez les outils et les renseignements</div>
		<div begin="140.70s" dur="2.93s">dont vous avez besoin pour poursuivre vos études</div>
		<div begin="143.63s" dur="1.63s">et votre formation.</div>

		<div begin="145.26s" dur="2.50s">À Service Canada, nous sommes au service des gens.</div>
	</body>
</tt>
