{
  "@/css/ie8-theme-srv.css": {
    "hashes": {
      "sha256": "g5hq/1l/z1ZE5w9zY/KYbcBSpKCtJHeok7q7ocrMdYQ=",
      "sha512": "EJR5TcV65dHHy9gkkVuzV9hUnLRqtBI4tWaA3OkrkpktIL7/SL0dFD7+cRkjJgE/olqVN85oEnMfh6eFhlD5PQ=="
    },
    "integrity": "sha256-g5hq/1l/z1ZE5w9zY/KYbcBSpKCtJHeok7q7ocrMdYQ= sha512-EJR5TcV65dHHy9gkkVuzV9hUnLRqtBI4tWaA3OkrkpktIL7/SL0dFD7+cRkjJgE/olqVN85oEnMfh6eFhlD5PQ==",
    "path": "/css/ie8-theme-srv.css"
  },
  "@/css/ie8-theme-srv.min.css": {
    "hashes": {
      "sha256": "AV15KBO8TaS948A7qmaM7v8xhdEuTz0f9VHfec/9RQo=",
      "sha512": "JCa72Brak3f3BxZURXAjT3STXyPdRE8v2k3PbaBgqkIInu1xwRA393YgomoJt/+lcFHNuLDGHcY22x1mcxBNUw=="
    },
    "integrity": "sha256-AV15KBO8TaS948A7qmaM7v8xhdEuTz0f9VHfec/9RQo= sha512-JCa72Brak3f3BxZURXAjT3STXyPdRE8v2k3PbaBgqkIInu1xwRA393YgomoJt/+lcFHNuLDGHcY22x1mcxBNUw==",
    "path": "/css/ie8-theme-srv.min.css"
  },
  "@/css/ie8-theme.css": {
    "hashes": {
      "sha256": "Gje0edy3hmZBClFEQk2uOtGAWBCJ3d1oNE3i6XBEdKo=",
      "sha512": "OgGAdpSDB8L1yRvDRWM2upkOAmVKT1oDmPsnSIWQNFMqg5TUbLYUCIU4eDbCUC5hYLrUA6EYibZZO1kW++oecA=="
    },
    "integrity": "sha256-Gje0edy3hmZBClFEQk2uOtGAWBCJ3d1oNE3i6XBEdKo= sha512-OgGAdpSDB8L1yRvDRWM2upkOAmVKT1oDmPsnSIWQNFMqg5TUbLYUCIU4eDbCUC5hYLrUA6EYibZZO1kW++oecA==",
    "path": "/css/ie8-theme.css"
  },
  "@/css/ie8-theme.min.css": {
    "hashes": {
      "sha256": "W8QUTp7rcVRP0WhcwmpV/i0Rzv3JxSMzkL7yjRW4k8U=",
      "sha512": "zuJqiPft/oDbMPJ4l9tT1APB3sAGV4VHfBKERdFLWt2VGLJvKBnONVF6m4AEQIbvErqnN/euXFJiIzPIZYwrbw=="
    },
    "integrity": "sha256-W8QUTp7rcVRP0WhcwmpV/i0Rzv3JxSMzkL7yjRW4k8U= sha512-zuJqiPft/oDbMPJ4l9tT1APB3sAGV4VHfBKERdFLWt2VGLJvKBnONVF6m4AEQIbvErqnN/euXFJiIzPIZYwrbw==",
    "path": "/css/ie8-theme.min.css"
  },
  "@/css/ie8-wet-boew.css": {
    "hashes": {
      "sha256": "4DgGVQS1xWxMvr7v4goS9ottXkniBWHR+/1A+oTCbP8=",
      "sha512": "T3rk0j8CZgFNX/aM3jDZ+D6LMfHevv6Fr9+tkHqoCi8EqwBZZQNanhWyaHvxbDDb0OH9eFECW1Zc6dFn63HepQ=="
    },
    "integrity": "sha256-4DgGVQS1xWxMvr7v4goS9ottXkniBWHR+/1A+oTCbP8= sha512-T3rk0j8CZgFNX/aM3jDZ+D6LMfHevv6Fr9+tkHqoCi8EqwBZZQNanhWyaHvxbDDb0OH9eFECW1Zc6dFn63HepQ==",
    "path": "/css/ie8-wet-boew.css"
  },
  "@/css/ie8-wet-boew.min.css": {
    "hashes": {
      "sha256": "aMTX9CMtdbWslmuMaB8NJ6ij8QIqjhgvkTtHd8N8Zbc=",
      "sha512": "YZaLoGZ3eur/TJqC7DJWDiMXLxln0nh/mju0a5F8+6o5XBh21zVEmQo4MR6N7uTTsw1OJJQIFeqPxpMP0o+dNA=="
    },
    "integrity": "sha256-aMTX9CMtdbWslmuMaB8NJ6ij8QIqjhgvkTtHd8N8Zbc= sha512-YZaLoGZ3eur/TJqC7DJWDiMXLxln0nh/mju0a5F8+6o5XBh21zVEmQo4MR6N7uTTsw1OJJQIFeqPxpMP0o+dNA==",
    "path": "/css/ie8-wet-boew.min.css"
  },
  "@/css/messages-ie.css": {
    "hashes": {
      "sha256": "8KC4aI4KbenoFs57jrygdoUHmC0ma2Kb/1emlrjNDL8=",
      "sha512": "geyQJDoVctrKGb+hzU73ZW9pD7UBXK+ejIkxMdnsTGUAh93x6lQnQ4EPPLZWa9jGDov8nKgmfuLFWQY6qqYjSw=="
    },
    "integrity": "sha256-8KC4aI4KbenoFs57jrygdoUHmC0ma2Kb/1emlrjNDL8= sha512-geyQJDoVctrKGb+hzU73ZW9pD7UBXK+ejIkxMdnsTGUAh93x6lQnQ4EPPLZWa9jGDov8nKgmfuLFWQY6qqYjSw==",
    "path": "/css/messages-ie.css"
  },
  "@/css/messages-ie.min.css": {
    "hashes": {
      "sha256": "Q3722Wu0PmSi88ixaxE/yFPwTldVHMcQR4xinJ+U9SQ=",
      "sha512": "POzcCGzK2l8pb7Oc+seC8/0c48A6kTmxf6twQdNuyj1gboqCiuTGhRgHdNgtYl7qCjzUPbdmsZ2su6Yw8eEqGQ=="
    },
    "integrity": "sha256-Q3722Wu0PmSi88ixaxE/yFPwTldVHMcQR4xinJ+U9SQ= sha512-POzcCGzK2l8pb7Oc+seC8/0c48A6kTmxf6twQdNuyj1gboqCiuTGhRgHdNgtYl7qCjzUPbdmsZ2su6Yw8eEqGQ==",
    "path": "/css/messages-ie.min.css"
  },
  "@/css/messages.css": {
    "hashes": {
      "sha256": "VnbsegjFyZF5G4Mq5WRrj6DZykd8ice0oGEhPm450r0=",
      "sha512": "mR18smJmYrZfTE9t+FgGt/6O0YPf/y9WFgh9Y4T1C54FAOXgnNI85YZW4aQULo+fIIX0wWs3PR2yprfaxrmRNg=="
    },
    "integrity": "sha256-VnbsegjFyZF5G4Mq5WRrj6DZykd8ice0oGEhPm450r0= sha512-mR18smJmYrZfTE9t+FgGt/6O0YPf/y9WFgh9Y4T1C54FAOXgnNI85YZW4aQULo+fIIX0wWs3PR2yprfaxrmRNg==",
    "path": "/css/messages.css"
  },
  "@/css/messages.min.css": {
    "hashes": {
      "sha256": "h+4R+uSNTOaM+HNk9Ri2hFB5psIoaAuoShp5nIKw31U=",
      "sha512": "XZ5LrIRlQGD54q9IWhz1F/NPT1tfKVBu/9z//zaicZSsyC42pPlZ6Rhk49AYBiO+6iKjvxaf8n1xP6Jkiz7D0Q=="
    },
    "integrity": "sha256-h+4R+uSNTOaM+HNk9Ri2hFB5psIoaAuoShp5nIKw31U= sha512-XZ5LrIRlQGD54q9IWhz1F/NPT1tfKVBu/9z//zaicZSsyC42pPlZ6Rhk49AYBiO+6iKjvxaf8n1xP6Jkiz7D0Q==",
    "path": "/css/messages.min.css"
  },
  "@/css/small-component.css": {
    "hashes": {
      "sha256": "rpt8OAwu6JvI40bQ6V8A8yz0lxVDnxsdc/rAXxw1I1o=",
      "sha512": "NN0FQPB8/ZnUfH57Y/bEu6XiRjIzQtaaElZeaLHIbJy4P+ue2siHjd0PArDxzSJdTAnYdPl+sIXmovkfHUMxAw=="
    },
    "integrity": "sha256-rpt8OAwu6JvI40bQ6V8A8yz0lxVDnxsdc/rAXxw1I1o= sha512-NN0FQPB8/ZnUfH57Y/bEu6XiRjIzQtaaElZeaLHIbJy4P+ue2siHjd0PArDxzSJdTAnYdPl+sIXmovkfHUMxAw==",
    "path": "/css/small-component.css"
  },
  "@/css/small-component.min.css": {
    "hashes": {
      "sha256": "X08XQZOkfqS4a7p/wF510gErIBZbatj9sDRlJ/RZwO4=",
      "sha512": "gz2wzs2Ul+9Zohsh5GFK1ifIXbRQmm95WD1pSHRhEhGA+7VrF6cRdssjE4RqtuMpO8KXncBMnT5nj+AKfod2Cg=="
    },
    "integrity": "sha256-X08XQZOkfqS4a7p/wF510gErIBZbatj9sDRlJ/RZwO4= sha512-gz2wzs2Ul+9Zohsh5GFK1ifIXbRQmm95WD1pSHRhEhGA+7VrF6cRdssjE4RqtuMpO8KXncBMnT5nj+AKfod2Cg==",
    "path": "/css/small-component.min.css"
  },
  "@/css/theme-srv.css": {
    "hashes": {
      "sha256": "BTGDb6L6A3tzJj8O6qT35V5I6XvYIl0H6dD+jKur0Jo=",
      "sha512": "CVQfEviYbaTK36NjsU0WfP/SlmWTrTEQRJIyfpmJnPwhFOf+QVXPnyZ85QQTlnUutyxovWhkOinbiHJmWnWhrQ=="
    },
    "integrity": "sha256-BTGDb6L6A3tzJj8O6qT35V5I6XvYIl0H6dD+jKur0Jo= sha512-CVQfEviYbaTK36NjsU0WfP/SlmWTrTEQRJIyfpmJnPwhFOf+QVXPnyZ85QQTlnUutyxovWhkOinbiHJmWnWhrQ==",
    "path": "/css/theme-srv.css"
  },
  "@/css/theme-srv.min.css": {
    "hashes": {
      "sha256": "pDXHBNSaySlhuzbvJtVX0UwipoyGnVBkVNit2yITz+o=",
      "sha512": "rmc5UImmuTkXZtP06vlPhgIPgaVdwlrwdBDzhNe5DcAvHrGa+MaU+HajFaloYNy70EkIywCFGdq4812fVedpvw=="
    },
    "integrity": "sha256-pDXHBNSaySlhuzbvJtVX0UwipoyGnVBkVNit2yITz+o= sha512-rmc5UImmuTkXZtP06vlPhgIPgaVdwlrwdBDzhNe5DcAvHrGa+MaU+HajFaloYNy70EkIywCFGdq4812fVedpvw==",
    "path": "/css/theme-srv.min.css"
  },
  "@/css/theme.css": {
    "hashes": {
      "sha256": "23Eg/ZNaydTwb/2HIIERoitaKRS5OjnSuTEP851Xs2w=",
      "sha512": "gnGUooZnuZ5LIzrO6hxxoYaOsczoixu+4kxBZh2LEgzQDAE989u5YeDQ09eOO/g2Hw5HtX3hIsKhKcExpY2ztA=="
    },
    "integrity": "sha256-23Eg/ZNaydTwb/2HIIERoitaKRS5OjnSuTEP851Xs2w= sha512-gnGUooZnuZ5LIzrO6hxxoYaOsczoixu+4kxBZh2LEgzQDAE989u5YeDQ09eOO/g2Hw5HtX3hIsKhKcExpY2ztA==",
    "path": "/css/theme.css"
  },
  "@/css/theme.min.css": {
    "hashes": {
      "sha256": "jwVtTwiFhIynw6C9qfEZbAE+qUXUxNZGKUTV57gyoXU=",
      "sha512": "WpI/JHoiB8+0+srChK5y0Fc/oaSkIA9f7hzIMJzuXyWm2A5XaBEdbSw66OH1bD4gP9FSeg1Y7w0YQ+oEehIpOA=="
    },
    "integrity": "sha256-jwVtTwiFhIynw6C9qfEZbAE+qUXUxNZGKUTV57gyoXU= sha512-WpI/JHoiB8+0+srChK5y0Fc/oaSkIA9f7hzIMJzuXyWm2A5XaBEdbSw66OH1bD4gP9FSeg1Y7w0YQ+oEehIpOA==",
    "path": "/css/theme.min.css"
  },
  "@/css/wet-boew-overrides.css": {
    "hashes": {
      "sha256": "VYNebh2NFeKrtfkNvoUpWz7I/nMnSeC52LAbegKQa/E=",
      "sha512": "5jcz/WAQVpCEFEGbzs/1JXvSwf895wgscepo4EdcCZWneu7OcsqL9OMUFgNUeeHHRUUsgjwHgppM21wWv49YTw=="
    },
    "integrity": "sha256-VYNebh2NFeKrtfkNvoUpWz7I/nMnSeC52LAbegKQa/E= sha512-5jcz/WAQVpCEFEGbzs/1JXvSwf895wgscepo4EdcCZWneu7OcsqL9OMUFgNUeeHHRUUsgjwHgppM21wWv49YTw==",
    "path": "/css/wet-boew-overrides.css"
  },
  "@/css/wet-boew-overrides.min.css": {
    "hashes": {
      "sha256": "Nvwjp3O19UAErV72YSVwuWsm7Lv/5/kA7FhRemZXwpo=",
      "sha512": "OlM+pLSicD6yAdqEtSCCvTKg2zC4OX2nj4udtf+BRt9LK7zhYDm4ctN595frAEFNXJk6qDbMCT2HyXt1hpUefw=="
    },
    "integrity": "sha256-Nvwjp3O19UAErV72YSVwuWsm7Lv/5/kA7FhRemZXwpo= sha512-OlM+pLSicD6yAdqEtSCCvTKg2zC4OX2nj4udtf+BRt9LK7zhYDm4ctN595frAEFNXJk6qDbMCT2HyXt1hpUefw==",
    "path": "/css/wet-boew-overrides.min.css"
  },
  "@/css/wet-boew.css": {
    "hashes": {
      "sha256": "4DgGVQS1xWxMvr7v4goS9ottXkniBWHR+/1A+oTCbP8=",
      "sha512": "T3rk0j8CZgFNX/aM3jDZ+D6LMfHevv6Fr9+tkHqoCi8EqwBZZQNanhWyaHvxbDDb0OH9eFECW1Zc6dFn63HepQ=="
    },
    "integrity": "sha256-4DgGVQS1xWxMvr7v4goS9ottXkniBWHR+/1A+oTCbP8= sha512-T3rk0j8CZgFNX/aM3jDZ+D6LMfHevv6Fr9+tkHqoCi8EqwBZZQNanhWyaHvxbDDb0OH9eFECW1Zc6dFn63HepQ==",
    "path": "/css/wet-boew.css"
  },
  "@/css/wet-boew.min.css": {
    "hashes": {
      "sha256": "irfEH5ibG4tPP0BtFfDobZdE7tZ9jGsjEcuholkY4E0=",
      "sha512": "Yb5SZ93y4n80XgZ+qrQsGtk2YKW57oH0EIfZljZCWrrJE+LQQyHM340Ni8az3Fv9wrriWL7AlcnXfL41FaYk6A=="
    },
    "integrity": "sha256-irfEH5ibG4tPP0BtFfDobZdE7tZ9jGsjEcuholkY4E0= sha512-Yb5SZ93y4n80XgZ+qrQsGtk2YKW57oH0EIfZljZCWrrJE+LQQyHM340Ni8az3Fv9wrriWL7AlcnXfL41FaYk6A==",
    "path": "/css/wet-boew.min.css"
  },
  "@/js/theme.js": {
    "hashes": {
      "sha256": "DbecF+XsvMm0Uee7vfBtRsMSvYKO5FHBlnbVH3W1rbo=",
      "sha512": "4aIX8ZnGAKG4mxHRXmTh0Ejj33CtYQGWHQGfiTkQ/7f/qf2kTiIeDLxRL3tti+S6LsmKZEsTLnbsLmRB6HNs6A=="
    },
    "integrity": "sha256-DbecF+XsvMm0Uee7vfBtRsMSvYKO5FHBlnbVH3W1rbo= sha512-4aIX8ZnGAKG4mxHRXmTh0Ejj33CtYQGWHQGfiTkQ/7f/qf2kTiIeDLxRL3tti+S6LsmKZEsTLnbsLmRB6HNs6A==",
    "path": "/js/theme.js"
  },
  "@/js/theme.min.js": {
    "hashes": {
      "sha256": "hOAKde0eEqVToWIMPZL1ViOjJkhBI+xorwnlvqxFidI=",
      "sha512": "lVlmD+kITvu95mez8fccL8o2FhySXd/38usn+19DZOkEgLozp9hzokERsPGmgTipMfrGaC+4hKh2o+fNpXXerA=="
    },
    "integrity": "sha256-hOAKde0eEqVToWIMPZL1ViOjJkhBI+xorwnlvqxFidI= sha512-lVlmD+kITvu95mez8fccL8o2FhySXd/38usn+19DZOkEgLozp9hzokERsPGmgTipMfrGaC+4hKh2o+fNpXXerA==",
    "path": "/js/theme.min.js"
  }
}