{
  "data": [{
    "TITLE": "<a href=\"http://news.gc.ca/web/index-en.do\">Biomass Program Continues to Support Transition to Renewable Energy in Manitoba</a>",
    "TEASER": "The governments of Canada and Manitoba are supporting a greener, more sustainable economy through the $1 million Biomass Energy Support Program, Federal Agriculture Minister Lawrence MacAulay and Manitoba Agriculture Minister Ralph Eichler announced today.",
    "PUBDATE": "2016-07-29 12:07:00",
    "TYPE": "News Releases",
    "DEPT": "Agriculture and Agri-Food Canada",
    "SUBJECT": "Agriculture",
    "MINISTER": "Hon. Lawrence MacAulay",
    "AUDIENCE": "Media,Farmers,General Public",
    "LOCATION": "Manitoba"
  }, {
    "TITLE": "<a href=\"http://news.gc.ca/web/index-en.do\">MP Rodger Cuzner to make announcement in Broad Cove</a>",
    "TEASER": "Rodger Cuzner, Member of Parliament for Cape Breton – Canso, on behalf of the Honourable Navdeep Bains, Minister of Innovation, Science and Economic Development and Minister responsible for the Atlantic Canada Opportunities Agency, will make a funding announcement at the Broad Cove Scottish Concert.",
    "PUBDATE": "2016-07-29 12:07:00",
    "TYPE": "Media Advisories",
    "DEPT": "Atlantic Canada Opportunities Agency",
    "SUBJECT": "Society and Culture,Arts, Music, Literature",
    "MINISTER": "Hon. Navdeep Singh Bains",
    "AUDIENCE": "Media,Rural Community,Travellers,Visitors,General Public",
    "LOCATION": "Canada,Nova Scotia"
  }, {
    "TITLE": "<a href=\"http://news.gc.ca/web/index-en.do\">An Exhibition Dedicated to the Caribou and Other Animals Like It</a>",
    "TEASER": "The Government of Canada supports the Musée du Fjord",
    "PUBDATE": "2016-07-29 11:07:00",
    "TYPE": "News Releases",
    "DEPT": "Canadian Heritage",
    "SUBJECT": "Arts, Music, Literature",
    "MINISTER": "",
    "AUDIENCE": "General Public",
    "LOCATION": "Canada"
  }, {
    "TITLE": "<a href=\"http://news.gc.ca/web/index-en.do\">Backgrounder: Government of Canada delivers $109 million to Alberta for community infrastructure projects</a>",
    "TEASER": "The Government of Canada delivered the first of two federal Gas Tax Fund installments for 2016-17 to all the provinces and territories benefitting 364 municipalities in Alberta.",
    "PUBDATE": "2016-07-29 11:07:00",
    "TYPE": "Backgrounders",
    "DEPT": "Infrastructure Canada",
    "SUBJECT": "Transport",
    "MINISTER": "Hon. Amarjeet Sohi",
    "AUDIENCE": "Media,General Public",
    "LOCATION": "Canada,Alberta"
  }, {
    "TITLE": "<a href=\"http://news.gc.ca/web/index-en.do\">Government of Canada delivers $109 million to Alberta for community infrastructure projects</a>",
    "TEASER": "Modern and up-to-date community infrastructure helps ensure that Canadians live the quality of life that they want and expect. Community infrastructure helps connect people to jobs and provides access to better community services, attracts new businesses and creates economic growth opportunities.",
    "PUBDATE": "2016-07-29 11:07:00",
    "TYPE": "News Releases",
    "DEPT": "Infrastructure Canada",
    "SUBJECT": "Transport",
    "MINISTER": "Hon. Amarjeet Sohi",
    "AUDIENCE": "Media,General Public",
    "LOCATION": "Canada,Alberta"
  }, {
    "TITLE": "<a href=\"http://news.gc.ca/web/index-en.do\">Minister Carr to Make an Announcement About the Winnipeg Art Gallery</a>",
    "TEASER": "WINNIPEG – The Honourable Jim Carr, Minister of Natural Resources...",
    "PUBDATE": "2016-07-29 11:07:00",
    "TYPE": "Media Advisories",
    "DEPT": "Canadian Heritage",
    "SUBJECT": "Arts, Music, Literature",
    "MINISTER": "",
    "AUDIENCE": "General Public",
    "LOCATION": "Canada"
  }, {
    "TITLE": "<a href=\"http://news.gc.ca/web/index-en.do\">Post-Secondary Institutions Strategic Investment Fund Announcement at the University of Toronto</a>",
    "TEASER": "What an honour to be at the University of Toronto-my alma mater-for this tremendous announcement.",
    "PUBDATE": "2016-07-29 10:07:00",
    "TYPE": "Speeches",
    "DEPT": "Innovation, Science and Economic Development Canada",
    "SUBJECT": "Economics and Industry",
    "MINISTER": "Hon. Kirsty Duncan",
    "AUDIENCE": "Business,General Public",
    "LOCATION": "Canada,Ontario"
  }, {
    "TITLE": "<a href=\"http://news.gc.ca/web/index-en.do\">Post-Secondary Institutions Strategic Investment Fund Announcement at the University of Toronto</a>",
    "TEASER": "Thank you, Meric [Meric S. Gertler, President, University of Toronto]. And thank you to the University of Toronto for being such great hosts today. I'm delighted to be here with my friend and colleague Kirsty Duncan, Minister of Science.",
    "PUBDATE": "2016-07-29 10:07:00",
    "TYPE": "Speeches",
    "DEPT": "Innovation, Science and Economic Development Canada",
    "SUBJECT": "Economics and Industry",
    "MINISTER": "Hon. Navdeep Singh Bains",
    "AUDIENCE": "General Public",
    "LOCATION": "Canada"
  }, {
    "TITLE": "<a href=\"http://news.gc.ca/web/index-en.do\">The Royal 22e Régiment Takes On Tough Competition at Leapfest</a>",
    "TEASER": "Ten members of 3rd Battalion, Royal 22e Régiment will be testing their parachuting abilities at Leapfest from August 1 to 9.",
    "PUBDATE": "2016-07-29 10:07:00",
    "TYPE": "News Releases",
    "DEPT": "National Defence and the Canadian Armed Forces",
    "SUBJECT": "Military",
    "MINISTER": "",
    "AUDIENCE": "General Public",
    "LOCATION": "Canada"
  }, {
    "TITLE": "<a href=\"http://news.gc.ca/web/index-en.do\">Best summer ever: Record number of jobs and opportunities in Newfoundland and Labrador through Canada Summer Jobs program</a>",
    "TEASER": "More Newfoundland and Labrador students than ever before will be working under the Canada Summer Jobs (CSJ) program this year, thanks to unprecedented interest shown by employers and students across the province. Ken McDonald, Member of Parliament for Avalon, made the announcement today on behalf of the Honourable MaryAnn Mihychuk, Minister of Employment, Workforce Development and Labour.",
    "PUBDATE": "2016-07-29 08:07:00",
    "TYPE": "News Releases",
    "DEPT": "Employment and Social Development Canada",
    "SUBJECT": "Education and Training",
    "MINISTER": "Hon. Jean-Yves Duclos",
    "AUDIENCE": "Media,Students,Parents,Youth,Employers,General Public,Job Seekers",
    "LOCATION": "Newfoundland and Labrador"
  }, {
    "TITLE": "<a href=\"http://news.gc.ca/web/index-en.do\">UPDATE: Address by Minister Dion on the occasion of a joint press conference with Sri Lankan Minister of Foreign Affairs Samaraweera</a>",
    "TEASER": "I'm touched by the warmth and smiles that have greeted the Canadian delegation since our arrival in Sri Lanka last night. Minister Samaraweera, thank you very much for your invitation and the exceptional hospitality we've been shown.",
    "PUBDATE": "2016-07-29 01:07:00",
    "TYPE": "Speeches",
    "DEPT": "Global Affairs Canada",
    "SUBJECT": "Government and Politics",
    "MINISTER": "Hon. Stéphane Dion",
    "AUDIENCE": "General Public",
    "LOCATION": "Canada"
  }, {
    "TITLE": "<a href=\"http://news.gc.ca/web/index-en.do\">Announcing the new president of the National Research Council of Canada</a>",
    "TEASER": "The Honourable Kirsty Duncan, Minister of Science, made the following announcement today: I am pleased to announce the appointment of Mr. Iain Stewart as President of the National Research Council of Canada (NRC), effective August 24, 2016.",
    "PUBDATE": "2016-07-28 19:07:00",
    "TYPE": "Statements",
    "DEPT": "Innovation, Science and Economic Development Canada",
    "SUBJECT": "Economics and Industry",
    "MINISTER": "Hon. Kirsty Duncan",
    "AUDIENCE": "Business,General Public",
    "LOCATION": "Canada"
  }, {
    "TITLE": "<a href=\"http://news.gc.ca/web/index-en.do\">Statement from the Vice Chief of the Defence Staff Regarding the 1974 Valcartier Grenade Incident</a>",
    "TEASER": "Lieutenant-General Guy Thibault, Vice Chief of the Defence Staff, today issued the following statement:",
    "PUBDATE": "2016-07-28 18:07:00",
    "TYPE": "Statements",
    "DEPT": "National Defence and the Canadian Armed Forces",
    "SUBJECT": "Military",
    "MINISTER": "",
    "AUDIENCE": "General Public",
    "LOCATION": "Canada"
  }, {
    "TITLE": "<a href=\"http://news.gc.ca/web/index-en.do\">Government of Canada invests in project to bring high speed Internet to all Manitoba First Nations</a>",
    "TEASER": "Canada is working in partnership with First Nations to improve the quality of life on reserves and in remote and isolated communities.",
    "PUBDATE": "2016-07-28 16:07:00",
    "TYPE": "News Releases",
    "DEPT": "Indigenous and Northern Affairs Canada",
    "SUBJECT": "Society and Culture",
    "MINISTER": "Hon. Carolyn Bennett",
    "AUDIENCE": "General Public",
    "LOCATION": "Canada"
  }, {
    "TITLE": "<a href=\"http://news.gc.ca/web/index-en.do\">Building the Manitoba First Nations Network of the Future</a>",
    "TEASER": "Manitoba has some of the poorest Internet connectivity in the country south of 60. Of Manitoba's 63 First Nations, less than a third of communities have sufficient Internet capability for email, texting, or online applications.",
    "PUBDATE": "2016-07-28 16:07:00",
    "TYPE": "Backgrounders",
    "DEPT": "Indigenous and Northern Affairs Canada",
    "SUBJECT": "Society and Culture",
    "MINISTER": "Hon. Carolyn Bennett",
    "AUDIENCE": "General Public",
    "LOCATION": "Canada"
  }, {
    "TITLE": "<a href=\"http://news.gc.ca/web/index-en.do\">Les Brasseurs du Petit-Sault Inc. Gears up to Increase Productivity</a>",
    "TEASER": "Les Brasseurs du Petit-Sault Inc. Gears up to Increase Productivity New equipment will help microbrewery meet growing demand for its products",
    "PUBDATE": "2016-07-28 16:07:00",
    "TYPE": "News Releases",
    "DEPT": "Atlantic Canada Opportunities Agency",
    "SUBJECT": "Economics and Industry",
    "MINISTER": "Hon. Navdeep Singh Bains",
    "AUDIENCE": "General Public",
    "LOCATION": "New Brunswick"
  }, {
    "TITLE": "<a href=\"http://news.gc.ca/web/index-en.do\">Canadian Soldiers headed to Exercise PANAMAX</a>",
    "TEASER": "The newly enlarged Panama Canal will be the focus of Exercise PANAMAX, led by Chile, Colombia and Peru. Canadian participation in the U.S. Southern Command- sponsored exercise consists of 10 Regular and Reserve Force members from 5th Canadian Division from July 29 to August 5.",
    "PUBDATE": "2016-07-28 15:07:00",
    "TYPE": "News Releases",
    "DEPT": "National Defence and the Canadian Armed Forces",
    "SUBJECT": "Military",
    "MINISTER": "",
    "AUDIENCE": "General Public",
    "LOCATION": "Canada"
  }, {
    "TITLE": "<a href=\"http://news.gc.ca/web/index-en.do\">2016-2017 Annual Plan focuses on strengthening competition to drive innovation</a>",
    "TEASER": "The Competition Bureau's priorities for the current year include supporting innovation by deterring anti&#8209;competitive conduct that discourages new entrants in the digital economy and using data screening to detect bid&#8209;rigging in public infrastructure projects.",
    "PUBDATE": "2016-07-28 15:07:00",
    "TYPE": "News Releases",
    "DEPT": "Competition Bureau",
    "SUBJECT": "Information and Communications",
    "MINISTER": "Hon. Navdeep Singh Bains",
    "AUDIENCE": "General Public",
    "LOCATION": "Canada"
  }, {
    "TITLE": "<a href=\"http://news.gc.ca/web/index-en.do\">Government of Canada Supports Mississauga Biotech Innovator</a>",
    "TEASER": "Minister of Innovation, Science and Economic Development Navdeep Bains, on behalf of the Minister of Agriculture and Agri-Food Canada, Lawrence MacAulay, will be in Mississauga, Ontario, on Friday, July 29th, to make an announcement in support of a Mississauga-based biotechnology company, AbCelex Technologies Inc.",
    "PUBDATE": "2016-07-28 15:07:00",
    "TYPE": "Media Advisories",
    "DEPT": "Agriculture and Agri-Food Canada",
    "SUBJECT": "Agriculture",
    "MINISTER": "Hon. Lawrence MacAulay",
    "AUDIENCE": "Media,Farmers,General Public",
    "LOCATION": "Ontario"
  }, {
    "TITLE": "<a href=\"http://news.gc.ca/web/index-en.do\">AC Crystal wheat to move to Canada Northern Hard Red class in 2019</a>",
    "TEASER": "As of August 1, 2019, the Canadian Grain Commission will designate the wheat variety AC Crystal to the Canada Northern Hard Red class.",
    "PUBDATE": "2016-07-28 14:07:00",
    "TYPE": "News Releases",
    "DEPT": "Canadian Grain Commission",
    "SUBJECT": "Agriculture",
    "MINISTER": "",
    "AUDIENCE": "Farmers",
    "LOCATION": "Canada"
  }, {
    "TITLE": "<a href=\"http://news.gc.ca/web/index-en.do\">Canadian Energy in a Global Marketplace</a>",
    "TEASER": "The past two years in energy markets have been a wild ride, to say the least. This has been a time of unprecedented uncertainty",
    "PUBDATE": "2016-07-28 13:07:00",
    "TYPE": "Speeches",
    "DEPT": "National Energy Board",
    "SUBJECT": "Nature and Environment,Economics and Industry",
    "MINISTER": "",
    "AUDIENCE": "Business,General Public,Government",
    "LOCATION": "Canada"
  }, {
    "TITLE": "<a href=\"http://news.gc.ca/web/index-en.do\">New Machinery Readies Sea Cucumbers for Export</a>",
    "TEASER": "Today Atlantic Sea Cucumber Ltd. celebrated the grand opening of their newly renovated seafood processing facility in Hackett's Cove. The Government of Canada provided the company with a $500,000 repayable contribution, through the Atlantic Canada Opportunities Agency's Business Development Program (BDP), to help modernize the facility.",
    "PUBDATE": "2016-07-28 13:07:00",
    "TYPE": "News Releases",
    "DEPT": "Atlantic Canada Opportunities Agency",
    "SUBJECT": "Economics and Industry",
    "MINISTER": "Hon. Navdeep Singh Bains",
    "AUDIENCE": "Media,Rural Community,Business,General Public",
    "LOCATION": "Nova Scotia"
  }, {
    "TITLE": "<a href=\"http://news.gc.ca/web/index-en.do\">Recreational Improvements in Stratford</a>",
    "TEASER": "The Town of Stratford will soon see many of its recreational assets undergo important infrastructure upgrades. Locations include Kelly's Pond, MacNeill Community Centre and the adjacent MacNeill Ball Field, Robert L. Cotton Centre, and Bunbury Ball Field.",
    "PUBDATE": "2016-07-28 13:07:00",
    "TYPE": "News Releases",
    "DEPT": "Atlantic Canada Opportunities Agency",
    "SUBJECT": "Economics and Industry",
    "MINISTER": "Hon. Navdeep Singh Bains",
    "AUDIENCE": "General Public",
    "LOCATION": "Canada"
  }, {
    "TITLE": "<a href=\"http://news.gc.ca/web/index-en.do\">CRTC launches review of the Wireless Code of Conduct</a>",
    "TEASER": "The Canadian Radio-television and Telecommunications Commission (CRTC) today invited Canadians to participate in its review of the Wireless Code. The review will also include a public hearing that will begin on February 6, 2017, in the National Capital Region.",
    "PUBDATE": "2016-07-28 12:07:00",
    "TYPE": "News Releases",
    "DEPT": "Canadian Radio-television and Telecommunications Commission",
    "SUBJECT": "Economics and Industry",
    "MINISTER": "",
    "AUDIENCE": "General Public",
    "LOCATION": "Canada"
  }, {
    "TITLE": "<a href=\"http://news.gc.ca/web/index-en.do\">The Government of Canada takes action to eliminate known Sex-Based Discrimination in the Indian Act</a>",
    "TEASER": "Today, the Honourable Carolyn Bennett, Minister of Indigenous and Northern Affairs, provided details on the Government of Canada's two-staged approach in the context of the response to the Superior Court of Quebec decision in the case of Descheneaux et al., v. Canada",
    "PUBDATE": "2016-07-28 11:07:00",
    "TYPE": "News Releases",
    "DEPT": "Indigenous and Northern Affairs Canada",
    "SUBJECT": "Society and Culture",
    "MINISTER": "Hon. Carolyn Bennett",
    "AUDIENCE": "General Public",
    "LOCATION": "Canada"
  }, {
    "TITLE": "<a href=\"http://news.gc.ca/web/index-en.do\">Message from the Minister of Health - World Hepatitis Day</a>",
    "TEASER": "July 28th marks World Hepatitis Day, and is an opportunity to draw attention to the impact of viral hepatitis in Canada and the efforts to eliminate this disease around the world.",
    "PUBDATE": "2016-07-28 11:07:00",
    "TYPE": "Statements",
    "DEPT": "Public Health Agency of Canada",
    "SUBJECT": "Health and Safety",
    "MINISTER": "Hon. Jane Philpott",
    "AUDIENCE": "General Public",
    "LOCATION": "Canada"
  }, {
    "TITLE": "<a href=\"http://news.gc.ca/web/index-en.do\">Government of Canada investing in innovation at Cape Breton University</a>",
    "TEASER": "Rodger Cuzner, Member of Parliament for Cape Breton – Canso, was joined by the Honourable Mark Eyking, Member of Parliament for Sydney – Victoria, today to announce a more than $1.1 million investment to the Cape Breton University's Verschuren Centre for Sustainability in Energy and Environment for a project that supports research and development to degrade organic matter commonly found in food processing wastewater. The funding is being provided through ACOA's Atlantic Innovation Fund.",
    "PUBDATE": "2016-07-28 11:07:00",
    "TYPE": "News Releases",
    "DEPT": "Atlantic Canada Opportunities Agency",
    "SUBJECT": "Nature and Environment,Science and Technology,Economics and Industry",
    "MINISTER": "Hon. Navdeep Singh Bains",
    "AUDIENCE": "General Public",
    "LOCATION": "Canada"
  }, {
    "TITLE": "<a href=\"http://news.gc.ca/web/index-en.do\">Canada and Ontario invest in infrastructure at University of Toronto</a>",
    "TEASER": "Canadians will be better equipped for the well-paying middle-class jobs of today and tomorrow as a result of a $98 million investment in the University of Toronto.",
    "PUBDATE": "2016-07-28 10:07:00",
    "TYPE": "News Releases",
    "DEPT": "Innovation, Science and Economic Development Canada",
    "SUBJECT": "Economics and Industry",
    "MINISTER": "Hon. Navdeep Singh Bains",
    "AUDIENCE": "Business,General Public",
    "LOCATION": "Canada,Ontario"
  }, {
    "TITLE": "<a href=\"http://news.gc.ca/web/index-en.do\">Post-Secondary Institutions Strategic Investment Fund</a>",
    "TEASER": "The Post-Secondary Institutions Strategic Investment Fund is a $2-billion initiative designed to modernize research and commercialization facilities at Canadian universities, colleges and polytechnics.",
    "PUBDATE": "2016-07-28 10:07:00",
    "TYPE": "Backgrounders",
    "DEPT": "Innovation, Science and Economic Development Canada",
    "SUBJECT": "Economics and Industry",
    "MINISTER": "Hon. Navdeep Singh Bains",
    "AUDIENCE": "Business,General Public",
    "LOCATION": "Canada,Ontario"
  }, {
    "TITLE": "<a href=\"http://news.gc.ca/web/index-en.do\">Making post-secondary education more affordable</a>",
    "TEASER": "For too many Canadians, rising costs have made post-secondary education less affordable. Fewer are able to save for education, and those who receive financial assistance often find it difficult to repay their loans. Increases to Canada Student Grants and changes to the Repayment Assistance Plan offer real help to Canada's middle-class and those working hard to join it.",
    "PUBDATE": "2016-07-28 10:07:00",
    "TYPE": "News Releases",
    "DEPT": "Employment and Social Development Canada",
    "SUBJECT": "Persons,Education and Training,Government and Politics,Information and Communications",
    "MINISTER": "Hon. MaryAnn Mihychuk",
    "AUDIENCE": "Media,Students,Youth,General Public,Government",
    "LOCATION": "Canada"
  }, {
    "TITLE": "<a href=\"http://news.gc.ca/web/index-en.do\">Media Advisory - Martensville, Saskatchewan</a>",
    "TEASER": "Martensville, Saskatchewan July 28, 2016 – Members of the media are invited to attend an important infrastructure event regarding Highways 11 and 12 with the Honourable Ralph Goodale, Minister of Public Safety and Emergency Preparedness and the Honourable Nancy Heppner, Minister of Highways and Infrastructure.",
    "PUBDATE": "2016-07-28 10:07:00",
    "TYPE": "Media Advisories",
    "DEPT": "Infrastructure Canada",
    "SUBJECT": "Transport",
    "MINISTER": "Hon. Amarjeet Sohi",
    "AUDIENCE": "Media,General Public,Government",
    "LOCATION": "Canada,Saskatchewan"
  }, {
    "TITLE": "<a href=\"http://news.gc.ca/web/index-en.do\">Media Advisory - Whitecap, Saskatchewan</a>",
    "TEASER": "Members of the media are invited to attend an important event regarding water and wastewater infrastructure in Whitecap, with the Honourable Ralph Goodale, Minister of Public Safety and Emergency Preparedness, the Honourable Jim Reiter, Minister of Government Relations, and Darcy Bear, Chief of the Whitecap Dakota First Nation.",
    "PUBDATE": "2016-07-28 10:07:00",
    "TYPE": "Media Advisories",
    "DEPT": "Infrastructure Canada",
    "SUBJECT": "Transport",
    "MINISTER": "Hon. Amarjeet Sohi",
    "AUDIENCE": "Media,General Public,Government",
    "LOCATION": "Canada,Saskatchewan"
  }, {
    "TITLE": "<a href=\"http://news.gc.ca/web/index-en.do\">Member of Parliament Denis Lemieux to Make an Announcement About the Musée du Fjord</a>",
    "TEASER": "SAGUENAY, Quebec – Denis Lemieux, Member of Parliament (Chicoutimi–Le Fjord)...",
    "PUBDATE": "2016-07-28 10:07:00",
    "TYPE": "Media Advisories",
    "DEPT": "Canadian Heritage",
    "SUBJECT": "Arts, Music, Literature",
    "MINISTER": "",
    "AUDIENCE": "General Public",
    "LOCATION": "Canada"
  }, {
    "TITLE": "<a href=\"http://news.gc.ca/web/index-en.do\">Lockdown and search at Mountain Institution</a>",
    "TEASER": "On July 26, 2016 at about 7:00 p.m., a lockdown was put in place at Mountain Institution, a medium security federal institution, to enable staff members to conduct a general search.",
    "PUBDATE": "2016-07-28 09:07:00",
    "TYPE": "News Releases",
    "DEPT": "Correctional Service Canada",
    "SUBJECT": "Health and Safety",
    "MINISTER": "Hon. Ralph Goodale",
    "AUDIENCE": "Media,General Public",
    "LOCATION": "British Columbia"
  }, {
    "TITLE": "<a href=\"http://news.gc.ca/web/index-en.do\">Ottawa River Designated a Canadian Heritage River</a>",
    "TEASER": "Today, the Ontario Minister of Natural Resources and Forestry, Kathryn McGarry, and the Minister of Environment and Climate Change and Minister responsible for Parks Canada, Catherine McKenna, designated the Ontario portion of the Ottawa River as a Canadian Heritage River for its outstanding cultural heritage values.",
    "PUBDATE": "2016-07-28 09:07:00",
    "TYPE": "News Releases",
    "DEPT": "Parks Canada",
    "SUBJECT": "History and Archaeology",
    "MINISTER": "Hon. Catherine McKenna",
    "AUDIENCE": "General Public",
    "LOCATION": "Canada"
  }, {
    "TITLE": "<a href=\"http://news.gc.ca/web/index-en.do\">Ottawa River Designated into the Canadian Heritage Rivers System</a>",
    "TEASER": "The Ottawa River",
    "PUBDATE": "2016-07-28 09:07:00",
    "TYPE": "Backgrounders",
    "DEPT": "Parks Canada",
    "SUBJECT": "Nature and Environment",
    "MINISTER": "Hon. Catherine McKenna",
    "AUDIENCE": "General Public",
    "LOCATION": "Ontario"
  }, {
    "TITLE": "<a href=\"http://news.gc.ca/web/index-en.do\">Veterans Affairs Canada office in Charlottetown to reopen November, 2016</a>",
    "TEASER": "Government of Canada committed to doing more for Veterans",
    "PUBDATE": "2016-07-28 09:07:00",
    "TYPE": "News Releases",
    "DEPT": "Veterans Affairs Canada",
    "SUBJECT": "Military",
    "MINISTER": "Hon. Kent Hehr",
    "AUDIENCE": "General Public",
    "LOCATION": "Canada"
  }, {
    "TITLE": "<a href=\"http://news.gc.ca/web/index-en.do\">Statement from the Minister of Health on the Opioid Crisis</a>",
    "TEASER": "Canada is facing a growing crisis related to opioid overdoses and deaths across the country, and our government is committed to addressing this issue.",
    "PUBDATE": "2016-07-27 21:07:00",
    "TYPE": "Statements",
    "DEPT": "Health Canada",
    "SUBJECT": "Health and Safety",
    "MINISTER": "Hon. Jane Philpott",
    "AUDIENCE": "General Public",
    "LOCATION": "Canada"
  }, {
    "TITLE": "<a href=\"http://news.gc.ca/web/index-en.do\">Parliamentary Secretary Alghabra to attend presidential inauguration in Peru</a>",
    "TEASER": "Omar Alghabra, Parliamentary Secretary to the Minister of Foreign Affairs (Consular Affairs), today announced that he will attend the inauguration of president-elect Pedro Pablo Kuczynski in Lima, Peru, on July 28, 2016.",
    "PUBDATE": "2016-07-27 20:07:00",
    "TYPE": "News Releases",
    "DEPT": "Global Affairs Canada",
    "SUBJECT": "Government and Politics",
    "MINISTER": "Hon. Stéphane Dion",
    "AUDIENCE": "General Public",
    "LOCATION": "Canada"
  }, {
    "TITLE": "<a href=\"http://news.gc.ca/web/index-en.do\">National Strategy Advocates Inuit-led Approach to Suicide Prevention</a>",
    "TEASER": "Inuit Tapiriit Kanatami (ITK) and Health Canada are committed to working together and with other Inuit leaders and provincial and territorial governments to provide effective, sustainable, and culturally appropriate health programs and services to improve the health of Inuit.",
    "PUBDATE": "2016-07-27 18:07:00",
    "TYPE": "News Releases",
    "DEPT": "Health Canada",
    "SUBJECT": "Health and Safety",
    "MINISTER": "Hon. Jane Philpott",
    "AUDIENCE": "Employers",
    "LOCATION": "Canada"
  }, {
    "TITLE": "<a href=\"http://news.gc.ca/web/index-en.do\">Minister Bains and Minister Duncan to announce infrastructure funding at University of Toronto</a>",
    "TEASER": "Event date: <span class=doe>July 28, 2016</span> - The Honourable Navdeep Bains, Minister of Innovation, Science and Economic Development, the Honourable Kirsty Duncan, Minister of Science, and the Honourable Deb Matthews, Ontario Minister of Advanced Education and Skills Development, will be joined by Parliamentary Assistant to the Minister of Advanced Education and Skills Development Han Dong at the University of Toronto on July 28 to announce infrastructure funding for the University of Toronto and to highlight the benefits of the new Post-Secondary Institutions Strategic Investment Fund.",
    "PUBDATE": "2016-07-27 18:07:00",
    "TYPE": "Media Advisories",
    "DEPT": "Innovation, Science and Economic Development Canada",
    "SUBJECT": "Economics and Industry",
    "MINISTER": "Hon. Navdeep Singh Bains,Hon. Kirsty Duncan",
    "AUDIENCE": "Business,General Public",
    "LOCATION": "Canada"
  }, {
    "TITLE": "<a href=\"http://news.gc.ca/web/index-en.do\">NFB Indigenous films showcased at Présence autochtone. 2015 award winner Red Path also debuts at NFB.ca, starting Aug. 4</a>",
    "TEASER": "Five National Film Board of Canada Indigenous short films will be featured at the 2016 Festival Présence autochtone/Montreal First Peoples Festival (Aug. 3–10).",
    "PUBDATE": "2016-07-27 17:07:00",
    "TYPE": "News Releases",
    "DEPT": "National Film Board",
    "SUBJECT": "Society and Culture,Arts, Music, Literature",
    "MINISTER": "",
    "AUDIENCE": "General Public",
    "LOCATION": "Canada"
  }, {
    "TITLE": "<a href=\"http://news.gc.ca/web/index-en.do\">Free streaming of Thérèse Ottawa's Red Path at NFB.ca, starting Aug. 4. NFB short received two special mentions at last year's Festival Présence autochtone/Montreal First Peoples Festival.</a>",
    "TEASER": "As the Festival Présence autochtone/Montreal First Peoples Festival kicks off its new season, one of the National Film Board of Canada's hits from the 2015 edition will premiere at NFB.ca, with Atikamekw filmmaker Thérèse Ottawa's acclaimed short Red Path (Le chemin rouge) debuting online August 4.",
    "PUBDATE": "2016-07-27 17:07:00",
    "TYPE": "News Releases",
    "DEPT": "National Film Board",
    "SUBJECT": "Society and Culture,Arts, Music, Literature",
    "MINISTER": "",
    "AUDIENCE": "General Public",
    "LOCATION": "Canada"
  }, {
    "TITLE": "<a href=\"http://news.gc.ca/web/index-en.do\">Statement on Network Disruption Affecting Access to Phoenix System</a>",
    "TEASER": "Early this morning one of the Government of Canada data centres experienced an automatic emergency shutdown due to its smoke detection sensors being activated. Power was immediately restored and staff have worked through the night to restore services to the data centre.",
    "PUBDATE": "2016-07-27 15:07:00",
    "TYPE": "Statements",
    "DEPT": "Government of Canada",
    "SUBJECT": "Government and Politics",
    "MINISTER": "",
    "AUDIENCE": "Media,General Public",
    "LOCATION": "Canada"
  }, {
    "TITLE": "<a href=\"http://news.gc.ca/web/index-en.do\">FedDev Ontario Supports Expansion Activities for Belleville Clean Technology Manufacturer</a>",
    "TEASER": "Today, Neil R. Ellis, Member of Parliament for Bay of Quinte, on behalf of the Honourable Navdeep Bains, Minister of Innovation, Science and Economic Development and Minister responsible for FedDev Ontario, announced an investment of up to $1.95 million to Strathcona Energy Group Inc. (SEG) to expand production capacity for its core solar panel business in Belleville.",
    "PUBDATE": "2016-07-27 15:07:00",
    "TYPE": "News Releases",
    "DEPT": "Federal Economic Development Agency for Southern Ontario",
    "SUBJECT": "Economics and Industry",
    "MINISTER": "Hon. Navdeep Singh Bains",
    "AUDIENCE": "Business,General Public",
    "LOCATION": "Canada,Ontario"
  }, {
    "TITLE": "<a href=\"http://news.gc.ca/web/index-en.do\">Federal and Provincial Governments to Make an Announcement in Edmundston</a>",
    "TEASER": "René Arseneault, Member of Parliament for Madawaska – Restigouche, on behalf of the Honourable Navdeep Bains, Minister of Innovation, Science and Economic Development and Minister responsible for the Atlantic Canada Opportunities Agency; and the Honourable Francine Landry, Minister of Economic Development and Minister responsible for Opportunities NB, will be in Edmundston on Thursday, July 28, 2016.",
    "PUBDATE": "2016-07-27 15:07:00",
    "TYPE": "Media Advisories",
    "DEPT": "Atlantic Canada Opportunities Agency",
    "SUBJECT": "Economics and Industry",
    "MINISTER": "Hon. Navdeep Singh Bains",
    "AUDIENCE": "General Public",
    "LOCATION": "New Brunswick"
  }, {
    "TITLE": "<a href=\"http://news.gc.ca/web/index-en.do\">McKay Memorial Library Opens New Chapter of Community Support</a>",
    "TEASER": "The McKay Memorial Library is opening up a new chapter in its book; one where it will be better equipped to support the needs of its community. The Library will be receiving renovations that will expand their programming space in order to enhance non-traditional library services such as workshops, training, specialized programming, artisan's displays and community space.",
    "PUBDATE": "2016-07-27 14:07:00",
    "TYPE": "News Releases",
    "DEPT": "Atlantic Canada Opportunities Agency",
    "SUBJECT": "Society and Culture,Education and Training,Information and Communications",
    "MINISTER": "Hon. Navdeep Singh Bains",
    "AUDIENCE": "General Public",
    "LOCATION": "Nova Scotia"
  }, {
    "TITLE": "<a href=\"http://news.gc.ca/web/index-en.do\">Lockdown and search at Bowden Institution – Medium security unit</a>",
    "TEASER": "On July 26, 2016, at about 3:40 p.m., a lockdown was put in place in the medium security unit at Bowden Institution to enable staff members to conduct a general search.",
    "PUBDATE": "2016-07-27 14:07:00",
    "TYPE": "News Releases",
    "DEPT": "Correctional Service Canada",
    "SUBJECT": "Health and Safety",
    "MINISTER": "Hon. Ralph Goodale",
    "AUDIENCE": "Media,General Public",
    "LOCATION": "Alberta"
  }, {
    "TITLE": "<a href=\"http://news.gc.ca/web/index-en.do\">Government of Canada invests in southern Ontario</a>",
    "TEASER": "Ontarians will benefit from well­paying jobs for the middle class and those working hard to join it as a result of a series of investments made this week by the Government of Canada to commercialize new technologies, diversify regional economies and accelerate the growth of small businesses.",
    "PUBDATE": "2016-07-27 14:07:00",
    "TYPE": "News Releases",
    "DEPT": "Innovation, Science and Economic Development Canada",
    "SUBJECT": "Economics and Industry",
    "MINISTER": "Hon. Navdeep Singh Bains",
    "AUDIENCE": "General Public",
    "LOCATION": "Canada"
  }, {
    "TITLE": "<a href=\"http://news.gc.ca/web/index-en.do\">Health Minister to speak at the MyHealthNS Personal Health Record launch</a>",
    "TEASER": "The Honourable Jane Philpott, Federal Minister of Health, will present remarks at the launch of the MyHealthNS Personal Health Record along with the Honourable Stephen McNeil, Nova Scotia Premier.",
    "PUBDATE": "2016-07-27 14:07:00",
    "TYPE": "Media Advisories",
    "DEPT": "Health Canada",
    "SUBJECT": "Health and Safety",
    "MINISTER": "Hon. Jane Philpott",
    "AUDIENCE": "General Public",
    "LOCATION": "Canada"
  }, {
    "TITLE": "<a href=\"http://news.gc.ca/web/index-en.do\">Canada Announces Improved Additions to Reserve Process to Advance Reconciliation with First Nations and Promote Economic Development</a>",
    "TEASER": "The Government of Canada is committed to improving the process for creating new reserves and adding land to existing reserves.",
    "PUBDATE": "2016-07-27 13:07:00",
    "TYPE": "News Releases",
    "DEPT": "Indigenous and Northern Affairs Canada",
    "SUBJECT": "Society and Culture",
    "MINISTER": "Hon. Carolyn Bennett",
    "AUDIENCE": "General Public",
    "LOCATION": "Canada"
  }, {
    "TITLE": "<a href=\"http://news.gc.ca/web/index-en.do\">TransCanada Highway getting safety improvements near Malahat, BC</a>",
    "TEASER": "The Trans-Canada Highway is the main north-south corridor on Vancouver Island and serves as a critical route for moving goods, linking communities, and supporting a thriving tourism industry in the region.",
    "PUBDATE": "2016-07-27 13:07:00",
    "TYPE": "News Releases",
    "DEPT": "Infrastructure Canada",
    "SUBJECT": "Transport",
    "MINISTER": "Hon. Amarjeet Sohi",
    "AUDIENCE": "Media,General Public",
    "LOCATION": "British Columbia,Canada"
  }, {
    "TITLE": "<a href=\"http://news.gc.ca/web/index-en.do\">Enforcement Advisory - Notice for businesses and individuals on how to keep records of consent</a>",
    "TEASER": "Commission staff has published this advisory, directed to businesses and individuals in Canada sending commercial electronic messages (CEMs) as part of their commercial activities.",
    "PUBDATE": "2016-07-27 12:07:00",
    "TYPE": "Media Advisories",
    "DEPT": "Canadian Radio-television and Telecommunications Commission",
    "SUBJECT": "Economics and Industry",
    "MINISTER": "",
    "AUDIENCE": "General Public",
    "LOCATION": "Canada"
  }, {
    "TITLE": "<a href=\"http://news.gc.ca/web/index-en.do\">MP Cuzner and MP Eyking to make innovation funding announcement</a>",
    "TEASER": "Members of the media are invited to attend an event where Rodger Cuzner, Member of Parliament for Cape Breton - Canso, alongside the Honourable Mark Eyking, Member of Parliament for Sydney – Victoria, on behalf of the Honourable Navdeep Bains, Minister of Innovation, Science and Economic Development and Minister responsible for the Atlantic Canada Opportunities Agency (ACOA), will make an official announcement concerning a major investment in innovation in Atlantic Canada under ACOA's Atlantic Innovation Fund.",
    "PUBDATE": "2016-07-27 11:07:00",
    "TYPE": "Media Advisories",
    "DEPT": "Atlantic Canada Opportunities Agency",
    "SUBJECT": "Science and Technology,Economics and Industry,Education and Training",
    "MINISTER": "Hon. Navdeep Singh Bains",
    "AUDIENCE": "Media,Students,Scientists,General Public,Government,Job Seekers",
    "LOCATION": "Nova Scotia"
  }, {
    "TITLE": "<a href=\"http://news.gc.ca/web/index-en.do\">Minister Hehr to make announcement regarding office opening in Charlottetown, Prince Edward Island</a>",
    "TEASER": "The Honourable Kent Hehr, Minister of Veterans Affairs and Associate Minister of National Defence, will announce plans to reopen the Veterans Affairs Canada office in Charlottetown, Prince Edward Island, and speak to Budget 2016 measures which improve support for Canadian Armed Forces members, Veterans and their families",
    "PUBDATE": "2016-07-27 11:07:00",
    "TYPE": "Media Advisories",
    "DEPT": "Veterans Affairs Canada",
    "SUBJECT": "Military",
    "MINISTER": "Hon. Kent Hehr",
    "AUDIENCE": "General Public",
    "LOCATION": "Canada"
  }, {
    "TITLE": "<a href=\"http://news.gc.ca/web/index-en.do\">Minister Hehr Marks Korean War Veterans Day</a>",
    "TEASER": "The Honourable Kent Hehr, Minister of Veterans Affairs and Associate Minister of National Defence, today issued the following statement on Korean War Veterans Day",
    "PUBDATE": "2016-07-27 10:07:00",
    "TYPE": "Statements",
    "DEPT": "Veterans Affairs Canada",
    "SUBJECT": "History and Archaeology",
    "MINISTER": "Hon. Kent Hehr",
    "AUDIENCE": "General Public",
    "LOCATION": "Canada"
  }, {
    "TITLE": "<a href=\"http://news.gc.ca/web/index-en.do\">Canadian Army trains with Allied Forces in Romania during Exercise SABER GUARDIAN</a>",
    "TEASER": "Starting today until August 7, approximately 45 Canadian Army soldiers will be participating in Exercise SABER GUARDIAN 2016, a U.S.-led joint, multinational, regional exercise, in Cincu, Romania. In support of allied and partner nations, more than 2,500 soldiers from 11 countries will partake in the exercise designed to improve interoperability within a multinational brigade.",
    "PUBDATE": "2016-07-27 10:07:00",
    "TYPE": "News Releases",
    "DEPT": "National Defence and the Canadian Armed Forces",
    "SUBJECT": "Military",
    "MINISTER": "Hon. Harjit Singh Sajjan",
    "AUDIENCE": "General Public",
    "LOCATION": "Canada"
  }, {
    "TITLE": "<a href=\"http://news.gc.ca/web/index-en.do\">Visits temporarily cancelled at Saskatchewan Penitentiary</a>",
    "TEASER": "Due to water supply concerns following the recent oil spill in the North Saskatchewan River, all visits are temporarily cancelled at Saskatchewan Penitentiary, a multi-level security federal institution.",
    "PUBDATE": "2016-07-27 09:07:00",
    "TYPE": "News Releases",
    "DEPT": "Correctional Service Canada",
    "SUBJECT": "Health and Safety",
    "MINISTER": "Hon. Ralph Goodale",
    "AUDIENCE": "Media,General Public",
    "LOCATION": "Saskatchewan"
  }, {
    "TITLE": "<a href=\"http://news.gc.ca/web/index-en.do\">Veterans Affairs Canada office in Sydney to reopen November 2016</a>",
    "TEASER": "Government of Canada committed to doing more for Veterans",
    "PUBDATE": "2016-07-27 09:07:00",
    "TYPE": "News Releases",
    "DEPT": "Veterans Affairs Canada",
    "SUBJECT": "Military",
    "MINISTER": "Hon. Kent Hehr",
    "AUDIENCE": "Veterans,General Public",
    "LOCATION": "Canada,Nova Scotia"
  }, {
    "TITLE": "<a href=\"http://news.gc.ca/web/index-en.do\">Minister Dion to visit Sri Lanka following successful visit to Lao People's Democratic Republic</a>",
    "TEASER": "The Honourable Stéphane Dion, Minister of Foreign Affairs, today concluded his first visit to Vientiane, Lao People's Democratic Republic (PDR). Minister Dion met with Association of Southeast Asian Nations (ASEAN) foreign ministers during the annual ASEAN-Canada Post-Ministerial Conference and took part in the ASEAN Regional Forum. During his trip, the Minister announced nine new initiatives, together worth more than $18 million, aimed at promoting regional security and stability in Southeast Asia. Of these, two in particular will strengthen the Laotian government's ability to respond to natural disasters and counter human-smuggling and -trafficking networks.",
    "PUBDATE": "2016-07-26 18:07:00",
    "TYPE": "News Releases",
    "DEPT": "Global Affairs Canada",
    "SUBJECT": "Government and Politics",
    "MINISTER": "Hon. Stéphane Dion",
    "AUDIENCE": "General Public",
    "LOCATION": "Canada"
  }, {
    "TITLE": "<a href=\"http://news.gc.ca/web/index-en.do\">Backgrounder - Southeast Asia security and stability project announcements</a>",
    "TEASER": "This initiative will assist the Lao People's Democratic Republic (PDR) in developing ways to track public expenditures related to disaster risk management. The initiative will also assist the governments of the Lao PDR and Cambodia in developing disaster-loss databases for the road sector to ensure risk-informed decision making in the construction and repair of roads.",
    "PUBDATE": "2016-07-26 17:07:00",
    "TYPE": "Backgrounders",
    "DEPT": "Global Affairs Canada",
    "SUBJECT": "Government and Politics",
    "MINISTER": "Hon. Stéphane Dion",
    "AUDIENCE": "General Public",
    "LOCATION": "Canada"
  }, {
    "TITLE": "<a href=\"http://news.gc.ca/web/index-en.do\">Highway 905 - All Weather Roadway - Stony Rapids to Lake Athabasca near Fond-du-Lac: Public Comments Invited</a>",
    "TEASER": "The Canadian Environmental Assessment Agency is conducting a federal environmental assessment of the proposed Highway 905 - All Weather Roadway - Stony Rapids to Lake Athabasca near Fond-du-Lac, located in northern Saskatchewan.",
    "PUBDATE": "2016-07-26 16:07:00",
    "TYPE": "News Releases",
    "DEPT": "Canadian Environmental Assessment Agency",
    "SUBJECT": "Nature and Environment",
    "MINISTER": "",
    "AUDIENCE": "General Public",
    "LOCATION": "Saskatchewan"
  }, {
    "TITLE": "<a href=\"http://news.gc.ca/web/index-en.do\">Ontario and Canada Investing in Barrie Area Agricultural Projects</a>",
    "TEASER": "The provincial and federal governments have invested over $1 million in 24 projects in Barrie and the surrounding area of Dufferin County and Simcoe County to help grow the area's food and beverage sector and the local economy.",
    "PUBDATE": "2016-07-26 15:07:00",
    "TYPE": "News Releases",
    "DEPT": "Agriculture and Agri-Food Canada",
    "SUBJECT": "Agriculture",
    "MINISTER": "Hon. Lawrence MacAulay",
    "AUDIENCE": "Media,Farmers,General Public",
    "LOCATION": "Canada"
  }, {
    "TITLE": "<a href=\"http://news.gc.ca/web/index-en.do\">Des Joachims Bridge - lane reduction</a>",
    "TEASER": "Public Services and Procurement Canada (PSPC) wishes to advise motorists of the following lane reduction on the Des Joachims Bridge.",
    "PUBDATE": "2016-07-26 15:07:00",
    "TYPE": "Media Advisories",
    "DEPT": "Government of Canada",
    "SUBJECT": "Processes,Transport",
    "MINISTER": "",
    "AUDIENCE": "Travellers,Visitors,General Public",
    "LOCATION": "Canada,Quebec,Ontario"
  }, {
    "TITLE": "<a href=\"http://news.gc.ca/web/index-en.do\">FedDev Ontario Invests in Biomedical Engineering and Advanced Manufacturing Centre</a>",
    "TEASER": "Hamilton residents will benefit from well-paying jobs for the middle class and those working hard to join it as a result of an $11.96-million investment to establish a biomedical engineering and advanced manufacturing facility. The products developed as a result of this investment have the potential to change diagnostics and treatment, which could improve the quality of life of Canadians as well as people living in countries around the world.",
    "PUBDATE": "2016-07-26 14:07:00",
    "TYPE": "News Releases",
    "DEPT": "Federal Economic Development Agency for Southern Ontario",
    "SUBJECT": "Economics and Industry",
    "MINISTER": "Hon. Navdeep Singh Bains",
    "AUDIENCE": "General Public",
    "LOCATION": "Canada"
  }, {
    "TITLE": "<a href=\"http://news.gc.ca/web/index-en.do\">FedDev Ontario Invests in Biomedical Engineering and Advanced Manufacturing Centre</a>",
    "TEASER": "The Government of Canada supports the development of new health technologies that have the potential to improve the quality of life of all Canadians, while creating well-paying jobs for the middle class and those working hard to join it. As part of this program, McMaster University will receive an investment of up to $11.96 million.",
    "PUBDATE": "2016-07-26 14:07:00",
    "TYPE": "Backgrounders",
    "DEPT": "Federal Economic Development Agency for Southern Ontario",
    "SUBJECT": "Economics and Industry",
    "MINISTER": "Hon. Navdeep Singh Bains",
    "AUDIENCE": "Business,General Public",
    "LOCATION": "Canada,Ontario"
  }, {
    "TITLE": "<a href=\"http://news.gc.ca/web/index-en.do\">MP Jordan to make announcement in Shelburne</a>",
    "TEASER": "Members of the media are invited to join Bernadette Jordan, Member of Parliament for South Shore – St. Margarets, on behalf of the Honorable Navdeep Bains, Minister of Innovation, Science and Economic Development and Minister responsible for the Atlantic Canada Opportunities Agency, for a funding announcement in Shelburne.",
    "PUBDATE": "2016-07-26 14:07:00",
    "TYPE": "Media Advisories",
    "DEPT": "Atlantic Canada Opportunities Agency",
    "SUBJECT": "Persons,Science and Technology,Society and Culture,Language and Linguistics,Education and Training",
    "MINISTER": "Hon. Navdeep Singh Bains",
    "AUDIENCE": "Media,Rural Community,Seniors,Students,Parents,Business,General Public",
    "LOCATION": "Nova Scotia"
  }, {
    "TITLE": "<a href=\"http://news.gc.ca/web/index-en.do\">New crop year reminders for western producers and industry</a>",
    "TEASER": "The Canadian Grain Commission reminds the grain industry and producers about grain grading changes that come into effect on August 1, 2016 in western Canada",
    "PUBDATE": "2016-07-26 14:07:00",
    "TYPE": "News Releases",
    "DEPT": "Canadian Grain Commission",
    "SUBJECT": "Agriculture",
    "MINISTER": "",
    "AUDIENCE": "Farmers",
    "LOCATION": "Canada"
  }, {
    "TITLE": "<a href=\"http://news.gc.ca/web/index-en.do\">Fisheries and Oceans Canada announces new round of funding for Canadian researchers to study contaminants</a>",
    "TEASER": "Ottawa, Ontario – Research that studies the effects of contaminants on our aquatic ecosystems helps improve decision-making on the use and protection of our marine and freshwater environments. It contributes to Fisheries and Oceans Canada's overall advice on sustainable aquaculture, resource development and emergency response measures.",
    "PUBDATE": "2016-07-26 14:07:00",
    "TYPE": "News Releases",
    "DEPT": "Fisheries and Oceans Canada",
    "SUBJECT": "Nature and Environment,Science and Technology,Economics and Industry,Health and Safety",
    "MINISTER": "Hon. Dominic LeBlanc",
    "AUDIENCE": "General Public",
    "LOCATION": "Canada"
  }, {
    "TITLE": "<a href=\"http://news.gc.ca/web/index-en.do\">Backgrounder: Seventeen Infrastructure Projects in Yukon Get Joint Government Funding</a>",
    "TEASER": "The governments of Canada and Yukon are announcing funding for infrastructure improvement projects in communities across the territory under the Small Communities Fund. The Government of Canada will provide up to $58,596,772 through the Small Communities Fund for the 17 projects and the Government of Yukon will cover any remaining costs.",
    "PUBDATE": "2016-07-26 14:07:00",
    "TYPE": "Backgrounders",
    "DEPT": "Infrastructure Canada",
    "SUBJECT": "Transport",
    "MINISTER": "Hon. Amarjeet Sohi",
    "AUDIENCE": "Media,General Public,Government",
    "LOCATION": "Yukon Territory,Canada"
  }, {
    "TITLE": "<a href=\"http://news.gc.ca/web/index-en.do\">Government Of Canada Investing in Innovation at QRA Corp</a>",
    "TEASER": "The Honourable Scott Brison, President of the Treasury Board of Canada and Member of Parliament for Kings-Hants, was joined by Andy Fillmore, Member of Parliament for Halifax, today to announce an investment of $2,994,928 for the development of QRA Corp's QVtrace analysis tool. The announcement was made on behalf of the Honourable Navdeep Bains, Minister of Innovation, Science and Economic Development and Minister responsible for the Atlantic Canada Opportunities Agency (ACOA). Minister Brison and MP Fillmore were joined by Dr. Jordan Kyriakidis, Co-founder and CEO of QRA Corp, and Greg Phipps, Managing Director of Investment for Innovacorp.",
    "PUBDATE": "2016-07-26 14:07:00",
    "TYPE": "News Releases",
    "DEPT": "Atlantic Canada Opportunities Agency",
    "SUBJECT": "Persons,Science and Technology",
    "MINISTER": "Hon. Navdeep Singh Bains",
    "AUDIENCE": "Media,Scientists,Business,Employers,General Public",
    "LOCATION": "Canada,Nova Scotia"
  }, {
    "TITLE": "<a href=\"http://news.gc.ca/web/index-en.do\">Seventeen Infrastructure Projects in Yukon Get Joint Government Funding</a>",
    "TEASER": "Providing community residents and businesses with modern, reliable and sustainable public infrastructure opens doors to good jobs, helps create economic growth and foster a strong middle class, and provides opportunities for a better quality of life to everyone.",
    "PUBDATE": "2016-07-26 14:07:00",
    "TYPE": "News Releases",
    "DEPT": "Infrastructure Canada",
    "SUBJECT": "Transport",
    "MINISTER": "Hon. Amarjeet Sohi",
    "AUDIENCE": "Media,General Public",
    "LOCATION": "Yukon Territory,Canada"
  }, {
    "TITLE": "<a href=\"http://news.gc.ca/web/index-en.do\">MP Ellis to Announce Support for Business Growth and Productivity in Belleville</a>",
    "TEASER": "Neil R. Ellis, Member of Parliament for Bay of Quinte, on behalf of the Honourable Navdeep Bains, Minister of Innovation, Science and Economic Development and Minister responsible for FedDev Ontario, will make an announcement supporting a Belleville-based clean technology manufacturer.",
    "PUBDATE": "2016-07-26 13:07:00",
    "TYPE": "Media Advisories",
    "DEPT": "Federal Economic Development Agency for Southern Ontario",
    "SUBJECT": "Economics and Industry",
    "MINISTER": "Hon. Navdeep Singh Bains",
    "AUDIENCE": "General Public",
    "LOCATION": "Canada"
  }, {
    "TITLE": "<a href=\"http://news.gc.ca/web/index-en.do\">TEACH Magazine Profiles Key Milestone Anniversaries in 2016</a>",
    "TEASER": "National educational publisher receives federal funding to create new resources",
    "PUBDATE": "2016-07-26 13:07:00",
    "TYPE": "News Releases",
    "DEPT": "Canadian Heritage",
    "SUBJECT": "Arts, Music, Literature",
    "MINISTER": "Hon. Mélanie Joly",
    "AUDIENCE": "General Public",
    "LOCATION": "Canada"
  }, {
    "TITLE": "<a href=\"http://news.gc.ca/web/index-en.do\">Minister Hehr to make announcement regarding office reopening in Sydney, Nova Scotia</a>",
    "TEASER": "The Honourable Kent Hehr, Minister of Veterans Affairs and Associate Minister of National Defence, will announce plans to reopen the Veterans Affairs Canada office in Sydney, Nova Scotia, and speak to Budget 2016 measures which improve support for Canadian Armed Forces members, Veterans and their families",
    "PUBDATE": "2016-07-26 12:07:00",
    "TYPE": "Media Advisories",
    "DEPT": "Veterans Affairs Canada",
    "SUBJECT": "Military",
    "MINISTER": "Hon. Kent Hehr",
    "AUDIENCE": "General Public",
    "LOCATION": "Canada"
  }, {
    "TITLE": "<a href=\"http://news.gc.ca/web/index-en.do\">Contract awarded for survey of the shipwrecked MV <em>Manolis L</em></a>",
    "TEASER": "An assessment to be conducted this summer of the MV Manolis L, a shipwreck in Notre Dame Bay off the coast of Newfoundland and Labrador, will inform the development of Canadian Coast Guard plans for the recovery of the vessel's cargo of an estimated 462 tons of fuel, 60 tons of diesel and removal of the vessel.",
    "PUBDATE": "2016-07-26 11:07:00",
    "TYPE": "News Releases",
    "DEPT": "Fisheries and Oceans Canada",
    "SUBJECT": "Nature and Environment,Transport,Government and Politics",
    "MINISTER": "Hon. Dominic LeBlanc",
    "AUDIENCE": "General Public",
    "LOCATION": "Newfoundland and Labrador"
  }, {
    "TITLE": "<a href=\"http://news.gc.ca/web/index-en.do\">Government funding brings high-speed internet to Southwestern Ontario communities</a>",
    "TEASER": "The governments of Canada and Ontario are committed to supporting innovation and encouraging economic activity that contributes to growing the middle class. That is why the federal and provincial governments are providing up to $180 million in joint funding to improve high-speed internet connectivity to over 300 communities in Southwestern Ontario.",
    "PUBDATE": "2016-07-26 11:07:00",
    "TYPE": "News Releases",
    "DEPT": "Infrastructure Canada",
    "SUBJECT": "Transport",
    "MINISTER": "Hon. Amarjeet Sohi",
    "AUDIENCE": "Media,General Public",
    "LOCATION": "Canada,Ontario"
  }, {
    "TITLE": "<a href=\"http://news.gc.ca/web/index-en.do\">Dr. Steven J. Hoffman appointed Scientific Director of the CIHR Institute of Population and Public Health</a>",
    "TEASER": "Dr. Alain Beaudet, President of the Canadian Institutes of Health Research (CIHR), along with CIHR's Governing Council, announced today the appointment of Dr. Steven J. Hoffman, a leading international lawyer and global health researcher at the University of Ottawa, as incoming Scientific Director of CIHR's Institute of Population and Public Health and as CIHR's lead for global health. This appointment is effective August 1, 2016.",
    "PUBDATE": "2016-07-26 10:07:00",
    "TYPE": "News Releases",
    "DEPT": "Canadian Institutes of Health Research",
    "SUBJECT": "Health and Safety",
    "MINISTER": "Hon. Jane Philpott",
    "AUDIENCE": "General Public",
    "LOCATION": "Canada"
  }, {
    "TITLE": "<a href=\"http://news.gc.ca/web/index-en.do\">Chair Kathy Fox statement on the expedited removal of legacy tank cars for crude oil transport</a>",
    "TEASER": "TSB issues statement on expedited removal of legacy tank cars.",
    "PUBDATE": "2016-07-26 10:07:00",
    "TYPE": "News Releases",
    "DEPT": "Transportation Safety Board of Canada",
    "SUBJECT": "Transport",
    "MINISTER": "",
    "AUDIENCE": "General Public",
    "LOCATION": "Canada"
  }, {
    "TITLE": "<a href=\"http://news.gc.ca/web/index-en.do\">New Opportunities for Play at Queens County Fair</a>",
    "TEASER": "The Queens County Fair Association is upgrading the fairground playground thanks to support from the Government of Canada. A $10,000 non-repayable contribution through the Canada 150 Community Infrastructure Program (CIP150) will help to install equipment that will appeal to a larger age range of children in the area.",
    "PUBDATE": "2016-07-26 10:07:00",
    "TYPE": "News Releases",
    "DEPT": "Atlantic Canada Opportunities Agency",
    "SUBJECT": "Nature and Environment,Health and Safety",
    "MINISTER": "Hon. Navdeep Singh Bains",
    "AUDIENCE": "Media,Rural Community,Parents,Visitors,Children,Educators,General Public",
    "LOCATION": "Canada,Nova Scotia"
  }, {
    "TITLE": "<a href=\"http://news.gc.ca/web/index-en.do\">Government of Canada Supports Stella's Circle Building Upgrades</a>",
    "TEASER": "Plans are underway to upgrade the Stella's Circle building on Cabot Street, thanks in part to a contribution from the Government of Canada. Seamus O'Regan, Member of Parliament for St. John's South-Mount Pearl, on behalf of the Honourable Navdeep Bains, Minister of Innovation, Science and Economic Development and Minister responsible for the Atlantic Canada Opportunities Agency (ACOA), today announced funding of $32,500 for the project through the Canada 150 Community Infrastructure Program (CIP 150).",
    "PUBDATE": "2016-07-26 10:07:00",
    "TYPE": "News Releases",
    "DEPT": "Atlantic Canada Opportunities Agency",
    "SUBJECT": "Economics and Industry",
    "MINISTER": "Hon. Navdeep Singh Bains",
    "AUDIENCE": "General Public",
    "LOCATION": "Canada"
  }, {
    "TITLE": "<a href=\"http://news.gc.ca/web/index-en.do\">Improvements to Montague Waterfront</a>",
    "TEASER": "Montague the Beautiful, well-known for its picturesque waterfront, will soon see infrastructure improvements that will further enhance the area's appeal to visitors and locals alike.",
    "PUBDATE": "2016-07-26 10:07:00",
    "TYPE": "News Releases",
    "DEPT": "Atlantic Canada Opportunities Agency",
    "SUBJECT": "Economics and Industry",
    "MINISTER": "Hon. Navdeep Singh Bains",
    "AUDIENCE": "General Public",
    "LOCATION": "Prince Edward Island"
  }, {
    "TITLE": "<a href=\"http://news.gc.ca/web/index-en.do\">Lockdown and search at Matsqui Institution</a>",
    "TEASER": "On July 24, 2016, at about 4:00 p.m., a lockdown was put in place at Matsqui Institution, a medium security federal institution, to enable staff members to conduct an exceptional search.",
    "PUBDATE": "2016-07-26 09:07:00",
    "TYPE": "News Releases",
    "DEPT": "Correctional Service Canada",
    "SUBJECT": "Health and Safety",
    "MINISTER": "Hon. Ralph Goodale",
    "AUDIENCE": "Media,General Public",
    "LOCATION": "British Columbia"
  }, {
    "TITLE": "<a href=\"http://news.gc.ca/web/index-en.do\">End of lockdown and search at Joyceville Institution - Medium security unit</a>",
    "TEASER": "The lockdown put in place at the medium-security unit at Joyceville Institution on July 21, 2016, has ended and an exceptional search has been completed. The institution has resumed its normal operations.",
    "PUBDATE": "2016-07-25 17:07:00",
    "TYPE": "News Releases",
    "DEPT": "Correctional Service Canada",
    "SUBJECT": "Health and Safety",
    "MINISTER": "Hon. Ralph Goodale",
    "AUDIENCE": "Media,General Public",
    "LOCATION": "Ontario"
  }, {
    "TITLE": "<a href=\"http://news.gc.ca/web/index-en.do\">End of lockdown and search at Warkworth Institution</a>",
    "TEASER": "The lockdown put in place at Warkworth Institution on July 20, 2016, has ended. The institution has resumed its normal operations.",
    "PUBDATE": "2016-07-25 16:07:00",
    "TYPE": "News Releases",
    "DEPT": "Correctional Service Canada",
    "SUBJECT": "Health and Safety",
    "MINISTER": "Hon. Ralph Goodale",
    "AUDIENCE": "Media,General Public",
    "LOCATION": "Ontario"
  }, {
    "TITLE": "<a href=\"http://news.gc.ca/web/index-en.do\">Notice of participant funding offering for Ontario Power Generation's Western Waste Management Facility licence renewal</a>",
    "TEASER": "The Canadian Nuclear Safety Commission (CNSC) is offering participant funding to assist members of the public, Aboriginal groups and other stakeholders in participating in the licence application review and Commission hearing process for Ontario Power Generation's Western Waste Management Facility licence renewal. Participant funding of up to $75,000 is being offered for the provision of new, distinctive and valuable information, through informed and topic-specific interventions to the Commission.",
    "PUBDATE": "2016-07-25 16:07:00",
    "TYPE": "News Releases",
    "DEPT": "Canadian Nuclear Safety Commission",
    "SUBJECT": "Science and Technology,Health and Safety",
    "MINISTER": "",
    "AUDIENCE": "Aboriginal Peoples,Scientists,General Public",
    "LOCATION": "Canada,Ontario"
  }, {
    "TITLE": "<a href=\"http://news.gc.ca/web/index-en.do\">Faster timeline for phasing out DOT-111 tank cars</a>",
    "TEASER": "In 2015, more than 146,000 carloads of crude oil were shipped throughout Canada by rail.",
    "PUBDATE": "2016-07-25 14:07:00",
    "TYPE": "News Releases",
    "DEPT": "Transport Canada",
    "SUBJECT": "Transport",
    "MINISTER": "Hon. Marc Garneau",
    "AUDIENCE": "General Public",
    "LOCATION": "Canada"
  }, {
    "TITLE": "<a href=\"http://news.gc.ca/web/index-en.do\">Media Advisory - Whitehorse, Yukon</a>",
    "TEASER": "Members of the media are invited to attend an important infrastructure funding announcement with the Honourable Larry Bagnell, Member of Parliament for Yukon, along with the Honourable Currie Dixon, Minister of Community Services and Minister of the Public Service Commission for the Government of Yukon.",
    "PUBDATE": "2016-07-25 14:07:00",
    "TYPE": "Media Advisories",
    "DEPT": "Infrastructure Canada",
    "SUBJECT": "Transport",
    "MINISTER": "Hon. Amarjeet Sohi",
    "AUDIENCE": "Media,General Public",
    "LOCATION": "Yukon Territory,Canada"
  }, {
    "TITLE": "<a href=\"http://news.gc.ca/web/index-en.do\">Minister Brison to speak about the Government of Canada's plan for the middle class</a>",
    "TEASER": "President of the Treasury Board and Member of Parliament for Kings-Hants Scott Brison will be speaking about the Government of Canada's plan to strengthen Canada's middle class and help the families who need it most.",
    "PUBDATE": "2016-07-25 13:07:00",
    "TYPE": "Media Advisories",
    "DEPT": "Treasury Board of Canada Secretariat",
    "SUBJECT": "Economics and Industry",
    "MINISTER": "Hon. Scott Brison",
    "AUDIENCE": "General Public",
    "LOCATION": "Nova Scotia"
  }, {
    "TITLE": "<a href=\"http://news.gc.ca/web/index-en.do\">Backgrounder - Canada promotes regional security and safety in Southeast Asia</a>",
    "TEASER": "Canada announced a total of more than $17 million in new funding through its security-related capacity-building programs.",
    "PUBDATE": "2016-07-25 13:07:00",
    "TYPE": "Backgrounders",
    "DEPT": "Global Affairs Canada",
    "SUBJECT": "Government and Politics",
    "MINISTER": "Hon. Stéphane Dion",
    "AUDIENCE": "General Public",
    "LOCATION": "Canada"
  }, {
    "TITLE": "<a href=\"http://news.gc.ca/web/index-en.do\">Canada promotes regional security and safety in Southeast Asia</a>",
    "TEASER": "The Honourable Stéphane Dion, Minister of Foreign Affairs, today announced seven new security and safety initiatives worth more than $17 million during his participation at the Association of Southeast Asian Nations (ASEAN)-Canada Post-Ministerial Conference in Vientiane, the Lao People's Democratic Republic (PDR).",
    "PUBDATE": "2016-07-25 13:07:00",
    "TYPE": "News Releases",
    "DEPT": "Global Affairs Canada",
    "SUBJECT": "Government and Politics",
    "MINISTER": "Hon. Stéphane Dion",
    "AUDIENCE": "General Public",
    "LOCATION": "Canada"
  }, {
    "TITLE": "<a href=\"http://news.gc.ca/web/index-en.do\">Government of Canada Recognizes Westmount for its National Historic Significance</a>",
    "TEASER": "Government of Canada Recognizes Westmount for its National Historic Significance",
    "PUBDATE": "2016-07-25 13:07:00",
    "TYPE": "News Releases",
    "DEPT": "Parks Canada",
    "SUBJECT": "History and Archaeology",
    "MINISTER": "",
    "AUDIENCE": "General Public",
    "LOCATION": "Canada"
  }, {
    "TITLE": "<a href=\"http://news.gc.ca/web/index-en.do\">Westmount District</a>",
    "TEASER": "Westmount District",
    "PUBDATE": "2016-07-25 13:07:00",
    "TYPE": "Backgrounders",
    "DEPT": "Parks Canada",
    "SUBJECT": "History and Archaeology",
    "MINISTER": "",
    "AUDIENCE": "General Public",
    "LOCATION": "Canada"
  }, {
    "TITLE": "<a href=\"http://news.gc.ca/web/index-en.do\">The Government of Canada Invests $68.2 Million in Small Craft Harbours Infrastructure in the Province of Newfoundland and Labrador</a>",
    "TEASER": "Small craft harbours play an important role in providing coastal communities and the commercial fishing industry with safe and accessible facilities. With more than 76,000 Canadians employed in this sector, the Government of Canada is making investments that will continue to support the growth of this industry and provide economic opportunities for middle-class Canadians.",
    "PUBDATE": "2016-07-25 12:07:00",
    "TYPE": "News Releases",
    "DEPT": "Fisheries and Oceans Canada",
    "SUBJECT": "Transport,Government and Politics",
    "MINISTER": "Hon. Dominic LeBlanc",
    "AUDIENCE": "General Public",
    "LOCATION": "Newfoundland and Labrador"
  }, {
    "TITLE": "<a href=\"http://news.gc.ca/web/index-en.do\">Backgrounder: 27 Manitoba Infrastructure Projects Approved Under New Federal Funding Programs</a>",
    "TEASER": "Canada and Manitoba approved 27 community infrastructure projects today under two new federal infrastructure programs introduced as part of Phase 1 of the 10-year Investing in Canada plan. The Public Transit Infrastructure Fund and the Canadian Water and Wastewater Fund, are both aimed at addressing priority projects and focuses on repairing and upgrading existing facilities and assets. Phase 1 will help lay the foundation for the longer-term federal investment strategy. Details on Phase 2 of Investing in Canada will be announced over the next year.",
    "PUBDATE": "2016-07-25 12:07:00",
    "TYPE": "Backgrounders",
    "DEPT": "Infrastructure Canada",
    "SUBJECT": "Transport",
    "MINISTER": "Hon. Amarjeet Sohi",
    "AUDIENCE": "Media,General Public,Government",
    "LOCATION": "Canada,Manitoba"
  }, {
    "TITLE": "<a href=\"http://news.gc.ca/web/index-en.do\">Canada and Manitoba Reach Agreement Under New Federal Infrastructure Funding Programs</a>",
    "TEASER": "Investing in local infrastructure helps ensure that Canadian communities have access to high-quality municipal water and wastewater systems that families can rely on, and efficient and modern public transit systems so that people can get to work on time and back home safely at the end of a long day.",
    "PUBDATE": "2016-07-25 12:07:00",
    "TYPE": "News Releases",
    "DEPT": "Infrastructure Canada",
    "SUBJECT": "Transport",
    "MINISTER": "Hon. Amarjeet Sohi",
    "AUDIENCE": "Media,General Public",
    "LOCATION": "Canada,Manitoba"
  }, {
    "TITLE": "<a href=\"http://news.gc.ca/web/index-en.do\">Canada 150 Community Infrastructure Program Investments for Montague</a>",
    "TEASER": "Members of the media are invited to attend an infrastructure announcement in Montague. The Honourable Lawrence MacAulay, Minister of Agriculture and Agri-Food, on behalf of the Honourable Navdeep Bains, Minister of Innovation, Science and Economic Development and Minister responsible for the Atlantic Canada Opportunities Agency, will join officials from the Town of Montague and the Montague Waterfront Development Corporation to make the announcement.",
    "PUBDATE": "2016-07-25 12:07:00",
    "TYPE": "Media Advisories",
    "DEPT": "Atlantic Canada Opportunities Agency",
    "SUBJECT": "Economics and Industry",
    "MINISTER": "Hon. Navdeep Singh Bains",
    "AUDIENCE": "Media",
    "LOCATION": "Prince Edward Island"
  }, {
    "TITLE": "<a href=\"http://news.gc.ca/web/index-en.do\">Government of Canada Invests $12M to Support Bio-Based Innovation in Sarnia</a>",
    "TEASER": "Residents of the Sarnia-Lambton region will benefit from more jobs for the middle class – and those working hard to join it – as a result of a $12-million investment to support the sustainable chemistry and bio-based industrial sector.",
    "PUBDATE": "2016-07-25 12:07:00",
    "TYPE": "News Releases",
    "DEPT": "Federal Economic Development Agency for Southern Ontario",
    "SUBJECT": "Economics and Industry",
    "MINISTER": "Hon. Navdeep Singh Bains",
    "AUDIENCE": "Business,General Public",
    "LOCATION": "Canada,Ontario"
  }, {
    "TITLE": "<a href=\"http://news.gc.ca/web/index-en.do\">Media Advisory - London, Ontario</a>",
    "TEASER": "Members of the media are invited to attend an important infrastructure event regarding internet connectivity with the Honourable Navdeep Bains, Minister of Innovation, Science and Economic Development, on behalf of the Honourable Amarjeet Sohi, Minister of Infrastructure and Communities; and the Honourable Bob Chiarelli, Ontario Minister of Infrastructure.",
    "PUBDATE": "2016-07-25 12:07:00",
    "TYPE": "Media Advisories",
    "DEPT": "Infrastructure Canada",
    "SUBJECT": "Transport",
    "MINISTER": "Hon. Amarjeet Sohi",
    "AUDIENCE": "Media,General Public",
    "LOCATION": "Canada,Ontario"
  }, {
    "TITLE": "<a href=\"http://news.gc.ca/web/index-en.do\">Minister Bains to Announce Support for Commercialization Partnerships in Hamilton</a>",
    "TEASER": "Event date: <span class=doe>July 26, 2016</span>-The Honourable Navdeep Bains, Minister of Innovation, Science and Economic Development, and Minister responsible for FedDev Ontario, along with Filomena Tassi, Member of Parliament for Hamilton West–Ancaster–Dundas, and Bob Bratina, Member of Parliament for Hamilton East&#8722;Stoney Creek, will make an announcement supporting commercialization partnerships in Hamilton.",
    "PUBDATE": "2016-07-25 11:07:00",
    "TYPE": "Media Advisories",
    "DEPT": "Federal Economic Development Agency for Southern Ontario",
    "SUBJECT": "Economics and Industry",
    "MINISTER": "Hon. Navdeep Singh Bains",
    "AUDIENCE": "Business,General Public",
    "LOCATION": "Canada,Ontario"
  }, {
    "TITLE": "<a href=\"http://news.gc.ca/web/index-en.do\">Minister Brison and MP Fillmore to make innovation funding announcement</a>",
    "TEASER": "Members of the media are invited to attend an event where the Honourable Scott Brison, President of the Treasury Board of Canada and Member of Parliament for Kings-Hants, along with Andy Fillmore, Member of Parliament for Halifax, on behalf of the Honourable Navdeep Bains, Minister of Innovation, Science and Economic Development and Minister responsible for the Atlantic Canada Opportunities Agency (ACOA), will make an official announcement concerning a major investment in innovation in Atlantic Canada under ACOA's Atlantic Innovation Fund.",
    "PUBDATE": "2016-07-25 10:07:00",
    "TYPE": "Media Advisories",
    "DEPT": "Atlantic Canada Opportunities Agency",
    "SUBJECT": "Science and Technology",
    "MINISTER": "Hon. Scott Brison,Hon. Navdeep Singh Bains",
    "AUDIENCE": "General Public",
    "LOCATION": "Canada,Nova Scotia"
  }, {
    "TITLE": "<a href=\"http://news.gc.ca/web/index-en.do\">Parliamentary Secretary Gould to visit Honduras and Guatemala</a>",
    "TEASER": "Karina Gould, Parliamentary Secretary to the Minister of International Development and la Francophonie, announced today that she will travel to Honduras and Guatemala from July 25 to 29, 2016.",
    "PUBDATE": "2016-07-25 10:07:00",
    "TYPE": "News Releases",
    "DEPT": "Global Affairs Canada",
    "SUBJECT": "Government and Politics",
    "MINISTER": "Hon. Marie-Claude Bibeau",
    "AUDIENCE": "General Public",
    "LOCATION": "Canada"
  }, {
    "TITLE": "<a href=\"http://news.gc.ca/web/index-en.do\">Canadians recognized for their dedication to Veterans</a>",
    "TEASER": "Minister of Veterans Affairs Commendation presented at a ceremony in Halifax",
    "PUBDATE": "2016-07-25 09:07:00",
    "TYPE": "News Releases",
    "DEPT": "Veterans Affairs Canada",
    "SUBJECT": "History and Archaeology",
    "MINISTER": "Hon. Kent Hehr",
    "AUDIENCE": "General Public",
    "LOCATION": "Canada"
  }, {
    "TITLE": "<a href=\"http://news.gc.ca/web/index-en.do\">Media Advisory - West St. Paul, Manitoba</a>",
    "TEASER": "West St. Paul, Manitoba, July 22, 2016 – Members of the media are invited to attend an important infrastructure event regarding federal infrastructure commitments with the Honourable MaryAnn Mihychuk, Minister of Employment, Workforce Development and Labour, and Member of Parliament for Kildonan-St. Paul, on behalf of Amarjeet Sohi, Minister of Infrastructure and Communities; Eileen Clarke, Minister of Indigenous and Municipal Relations; and Chris Goertzen, President of the Association of Manitoba Municipalities.",
    "PUBDATE": "2016-07-25 09:07:00",
    "TYPE": "Media Advisories",
    "DEPT": "Infrastructure Canada",
    "SUBJECT": "Transport",
    "MINISTER": "Hon. Amarjeet Sohi",
    "AUDIENCE": "Media,General Public,Government",
    "LOCATION": "Canada,Manitoba"
  }, {
    "TITLE": "<a href=\"http://news.gc.ca/web/index-en.do\">Canada took strong stance at United Nations meetings on climate warming HFCs</a>",
    "TEASER": "Canada is taking action on climate change at home and abroad. Environment and Climate Change Minister, Catherine McKenna, today wrapped up a series of UN meetings in Vienna, where Canada pushed for international action to phase down climate-warming hydrofluorocarbons (HFCs) as quickly as possible.",
    "PUBDATE": "2016-07-24 15:07:00",
    "TYPE": "News Releases",
    "DEPT": "Environment and Climate Change Canada",
    "SUBJECT": "Nature and Environment",
    "MINISTER": "Hon. Catherine McKenna",
    "AUDIENCE": "General Public,Government",
    "LOCATION": "Canada"
  }, {
    "TITLE": "<a href=\"http://news.gc.ca/web/index-en.do\">Camp Hughes</a>",
    "TEASER": "This former military training camp is the most intact First World War battlefield terrain, created for training purposes, remaining in Canada and one of a dwindling number worldwide. It retains – in whole or in part – many key features including the training trenches (approximately ten kilometres of the main battalion trench system), rifle range, grenade training grounds, artillery observation posts, building foundations, and a camp cemetery.",
    "PUBDATE": "2016-07-24 15:07:00",
    "TYPE": "Backgrounders",
    "DEPT": "Parks Canada",
    "SUBJECT": "History and Archaeology",
    "MINISTER": "",
    "AUDIENCE": "General Public",
    "LOCATION": "Canada"
  }, {
    "TITLE": "<a href=\"http://news.gc.ca/web/index-en.do\">Camp Hughes, WWI Military Training Camp, Recognized for its National Historic Significance</a>",
    "TEASER": "Camp Hughes, WWI Military Training Camp, Recognized for its National Historic Significance",
    "PUBDATE": "2016-07-24 15:07:00",
    "TYPE": "News Releases",
    "DEPT": "Parks Canada",
    "SUBJECT": "History and Archaeology",
    "MINISTER": "",
    "AUDIENCE": "General Public",
    "LOCATION": "Canada"
  }, {
    "TITLE": "<a href=\"http://news.gc.ca/web/index-en.do\">Minister Morneau Again Earns G20 Support for Canada's Plan for Middle Class Growth</a>",
    "TEASER": "Minister Morneau Again Earns G20 Support for Canada's Plan for Middle Class Growth",
    "PUBDATE": "2016-07-24 11:07:00",
    "TYPE": "News Releases",
    "DEPT": "Finance Canada",
    "SUBJECT": "Government and Politics",
    "MINISTER": "Hon. William Francis Morneau",
    "AUDIENCE": "General Public",
    "LOCATION": "Canada"
  }, {
    "TITLE": "<a href=\"http://news.gc.ca/web/index-en.do\">Minister Dion to travel to the Lao People's Democratic Republic, establish new diplomatic mission and participate in Association of Southeast Asian Nations meetings</a>",
    "TEASER": "The Honourable Stéphane Dion, Minister of Foreign Affairs, today announced that he will travel to Vientiane, the Lao People's Democratic Republic (PDR), for the annual Association of Southeast Asian Nations (ASEAN)-Canada Post-Ministerial Conference and the ASEAN Regional Forum, scheduled, respectively, for July 25 and 26, 2016.",
    "PUBDATE": "2016-07-23 17:07:00",
    "TYPE": "News Releases",
    "DEPT": "Global Affairs Canada",
    "SUBJECT": "Government and Politics",
    "MINISTER": "Hon. Stéphane Dion",
    "AUDIENCE": "General Public",
    "LOCATION": "Canada"
  }, {
    "TITLE": "<a href=\"http://news.gc.ca/web/index-en.do\">The Government of Canada supports a community project in Lac-Drolet</a>",
    "TEASER": "Municipal skating rink converted to accommodate sports enthusiasts all year round.",
    "PUBDATE": "2016-07-23 16:07:00",
    "TYPE": "News Releases",
    "DEPT": "Canada Economic Development for Quebec Regions",
    "SUBJECT": "Science and Technology,Economics and Industry",
    "MINISTER": "Hon. Navdeep Singh Bains",
    "AUDIENCE": "Non-Governmental Organizations,Media,Business,General Public",
    "LOCATION": "Quebec"
  }, {
    "TITLE": "<a href=\"http://news.gc.ca/web/index-en.do\">Federal and Provincial Governments Celebrate the Grand Opening of Revitalized Bridge Street</a>",
    "TEASER": "Completed restoration project will enhance business, community and tourism activities",
    "PUBDATE": "2016-07-23 11:07:00",
    "TYPE": "News Releases",
    "DEPT": "Atlantic Canada Opportunities Agency",
    "SUBJECT": "Economics and Industry",
    "MINISTER": "Hon. Navdeep Singh Bains",
    "AUDIENCE": "General Public",
    "LOCATION": "New Brunswick"
  }, {
    "TITLE": "<a href=\"http://news.gc.ca/web/index-en.do\">Canada appalled by depraved attack in Munich, Germany</a>",
    "TEASER": "We condemn this attack, and we offer our deepest condolences to the families and friends of those killed and a quick recovery to those injured. Canadians are deeply saddened by these tragic events, especially the targeting of children, and our thoughts are with the people of Germany during this stressful period.",
    "PUBDATE": "2016-07-22 21:07:00",
    "TYPE": "Statements",
    "DEPT": "Global Affairs Canada",
    "SUBJECT": "Government and Politics",
    "MINISTER": "Hon. Stéphane Dion",
    "AUDIENCE": "General Public",
    "LOCATION": "Canada"
  }, {
    "TITLE": "<a href=\"http://news.gc.ca/web/index-en.do\">Government of Canada, provinces and territories reach unprecedented agreement-in-principle on internal trade</a>",
    "TEASER": "In an increasingly global economy, Canada must have a free trade agreement that lowers barriers within our own country. An open Canadian market creates well-paying jobs for the middle class and those working hard to join it. It drives economic growth and provides consumers with more choice. It also enables Canadian businesses to be as competitive at home as they are abroad.",
    "PUBDATE": "2016-07-22 19:07:00",
    "TYPE": "News Releases",
    "DEPT": "Innovation, Science and Economic Development Canada",
    "SUBJECT": "Economics and Industry",
    "MINISTER": "Hon. Navdeep Singh Bains",
    "AUDIENCE": "Business,General Public",
    "LOCATION": "Canada,Ontario"
  }, {
    "TITLE": "<a href=\"http://news.gc.ca/web/index-en.do\">Federal and Provincial Governments Support Youth Entrepreneurship at UNB's Summer Institute Program</a>",
    "TEASER": "Inspired youth demonstrate their creative business ideas",
    "PUBDATE": "2016-07-22 18:07:00",
    "TYPE": "News Releases",
    "DEPT": "Atlantic Canada Opportunities Agency",
    "SUBJECT": "Education and Training",
    "MINISTER": "Hon. Navdeep Singh Bains",
    "AUDIENCE": "General Public",
    "LOCATION": "New Brunswick"
  }, {
    "TITLE": "<a href=\"http://news.gc.ca/web/index-en.do\">Defence Minister Concludes Visit to RIMPAC 2016</a>",
    "TEASER": "As part of the Government of Canada's commitment to maintaining strong, multilateral ties with allies in the Asia-Pacific region, Defence Minister Harjit S. Sajjan today concluded a successful visit with Canadian Armed Forces (CAF) personnel and international partners in the region of the Hawaiian Islands during the world's largest international maritime exercise, Rim of the Pacific (RIMPAC) 2016.",
    "PUBDATE": "2016-07-22 18:07:00",
    "TYPE": "News Releases",
    "DEPT": "National Defence and the Canadian Armed Forces",
    "SUBJECT": "Military",
    "MINISTER": "Hon. Harjit Singh Sajjan",
    "AUDIENCE": "General Public",
    "LOCATION": "Canada"
  }, {
    "TITLE": "<a href=\"http://news.gc.ca/web/index-en.do\">Yacht club convicted of killing migratory birds in attempt to scare them away</a>",
    "TEASER": "On July 6, the Club nautique de Baie-Comeau Inc., on the North Shore, pleaded guilty to killing or injuring a dozen Ring-Billed Gulls by trying to scare them, in violation of the Migratory Birds Regulations. The Club nautique was fined 2,500 dollars, which will be paid to the Environmental Damages Fund. This sentence is the first conviction in Canada for this type of offence under the Migratory Birds Convention Act, 1994 (MBCA).",
    "PUBDATE": "2016-07-22 17:07:00",
    "TYPE": "News Releases",
    "DEPT": "Environment and Climate Change Canada",
    "SUBJECT": "Nature and Environment",
    "MINISTER": "Hon. Catherine McKenna",
    "AUDIENCE": "General Public,Government",
    "LOCATION": "Canada"
  }, {
    "TITLE": "<a href=\"http://news.gc.ca/web/index-en.do\">Statement from Minister MacAulay on Federal, Provincial and Territorial Ministers of Agriculture Annual Conference</a>",
    "TEASER": "The Honourable Lawrence MacAulay, Minister of Agriculture and Agri-Food, today issued the following statement regarding the annual conference of federal, provincial and territorial (FPT) Ministers of Agriculture.",
    "PUBDATE": "2016-07-22 17:07:00",
    "TYPE": "Statements",
    "DEPT": "Agriculture and Agri-Food Canada",
    "SUBJECT": "Agriculture",
    "MINISTER": "Hon. Lawrence MacAulay",
    "AUDIENCE": "Media,Farmers,General Public",
    "LOCATION": "Canada"
  }, {
    "TITLE": "<a href=\"http://news.gc.ca/web/index-en.do\">Federal, Provincial and Territorial Ministers Set the Direction for the Next Agricultural Framework</a>",
    "TEASER": "Canada's federal, provincial and territorial (FPT) Ministers of Agriculture today concluded their annual conference with Ministers issuing the Calgary Statement &#8213; representing a consensus among Ministers regarding the key priorities to develop the next agricultural policy framework, set to launch in April 2018.",
    "PUBDATE": "2016-07-22 16:07:00",
    "TYPE": "News Releases",
    "DEPT": "Agriculture and Agri-Food Canada",
    "SUBJECT": "Agriculture",
    "MINISTER": "Hon. Lawrence MacAulay",
    "AUDIENCE": "Media,Farmers,General Public",
    "LOCATION": "Canada"
  }, {
    "TITLE": "<a href=\"http://news.gc.ca/web/index-en.do\">Government of Canada Announces Re-evaluation Decision for Pesticides Containing Boric Acid</a>",
    "TEASER": "Today, the Government of Canada published a final pesticide re-evaluation decision for boric acid, a naturally occurring substance that is commonly used in a wide range of pesticide products in Canada to control insects and fungi.",
    "PUBDATE": "2016-07-22 16:07:00",
    "TYPE": "News Releases",
    "DEPT": "Health Canada",
    "SUBJECT": "Health and Safety",
    "MINISTER": "Hon. Jane Philpott",
    "AUDIENCE": "General Public",
    "LOCATION": "Canada"
  }, {
    "TITLE": "<a href=\"http://news.gc.ca/web/index-en.do\">The JAG Launches Comprehensive Review of Court Martial System</a>",
    "TEASER": "The Judge Advocate General (JAG), Major-General Blaise Cathcart, has launched a proactive comprehensive review of the Canadian Armed Forces' (CAF) court martial system.",
    "PUBDATE": "2016-07-22 16:07:00",
    "TYPE": "News Releases",
    "DEPT": "National Defence and the Canadian Armed Forces",
    "SUBJECT": "Military",
    "MINISTER": "",
    "AUDIENCE": "General Public",
    "LOCATION": "Canada"
  }, {
    "TITLE": "<a href=\"http://news.gc.ca/web/index-en.do\">Canadian Armed Forces teams complete the 2016 Nijmegen Marches</a>",
    "TEASER": "Today marks the end of the 100th annual International Four Days Marches Nijmegen in the Netherlands. This year, more than 200 Canadian Armed Forces (CAF) members from across Canada and Formation Europe participated in the marching event, and were awarded a special 100th anniversary edition of the Four Day Marches Cross.",
    "PUBDATE": "2016-07-22 15:07:00",
    "TYPE": "News Releases",
    "DEPT": "National Defence and the Canadian Armed Forces",
    "SUBJECT": "Military",
    "MINISTER": "",
    "AUDIENCE": "General Public",
    "LOCATION": "Canada"
  }, {
    "TITLE": "<a href=\"http://news.gc.ca/web/index-en.do\">Des Allumettes Bridge - lane closures</a>",
    "TEASER": "Public Services and Procurement Canada wishes to advise motorists of the following alternate lane closures on the Des Allumettes Bridge.",
    "PUBDATE": "2016-07-22 15:07:00",
    "TYPE": "Media Advisories",
    "DEPT": "Government of Canada",
    "SUBJECT": "Processes,Transport",
    "MINISTER": "",
    "AUDIENCE": "Travellers,General Public",
    "LOCATION": "Quebec,Ontario"
  }, {
    "TITLE": "<a href=\"http://news.gc.ca/web/index-en.do\">New Leader at the Helm of Maritime Forces Pacific</a>",
    "TEASER": "Rear-Admiral (RAdm) Art McDonald officially assumed command of Maritime Forces Pacific (MARPAC) and Joint Task Force (Pacific) (JTF(P)) from RAdm Gilles Couturier during a ceremony held today at CFB Esquimalt. Presiding over the ceremony was Vice-Admiral Ron Lloyd, Commander Royal Canadian Navy.",
    "PUBDATE": "2016-07-22 14:07:00",
    "TYPE": "News Releases",
    "DEPT": "National Defence and the Canadian Armed Forces",
    "SUBJECT": "Military",
    "MINISTER": "",
    "AUDIENCE": "General Public",
    "LOCATION": "Canada"
  }, {
    "TITLE": "<a href=\"http://news.gc.ca/web/index-en.do\">Death of an inmate at Collins Bay Institution - Minimum-security unit</a>",
    "TEASER": "On July 21, 2016, Christopher Leach, an inmate at Collins Bay Institution died at the regional hospital in Bath, Ontario.",
    "PUBDATE": "2016-07-22 14:07:00",
    "TYPE": "News Releases",
    "DEPT": "Correctional Service Canada",
    "SUBJECT": "Health and Safety",
    "MINISTER": "",
    "AUDIENCE": "Media,General Public",
    "LOCATION": "Ontario"
  }, {
    "TITLE": "<a href=\"http://news.gc.ca/web/index-en.do\">Department of Finance Releases Legislative and Regulatory Proposals Relating to the Goods and Services Tax/Harmonized Sales Tax</a>",
    "TEASER": "Department of Finance Releases Legislative and Regulatory Proposals Relating to the Goods and Services Tax/Harmonized Sales Tax",
    "PUBDATE": "2016-07-22 13:07:00",
    "TYPE": "News Releases",
    "DEPT": "Finance Canada",
    "SUBJECT": "Government and Politics",
    "MINISTER": "",
    "AUDIENCE": "General Public",
    "LOCATION": "Canada"
  }]
}
